Agg_Type,Date,Country,Brand,Product,Coverage,Industry_Coverage,SOV,COV_increase,SOV_increase
Year,2021-01-01,All,A,SMP,182692,429133,0.425723,0.0,0.0
Year,2021-01-01,All,A,SMP:high-end,137833,323830,0.425634,0.0,0.0
Year,2021-01-01,All,A,SMP:low-end,45324,106427,0.425869,0.0,0.0
Year,2021-01-01,All,A,SMP:mid-end,64637,152038,0.425137,0.0,0.0
Year,2021-01-01,All,G,SMP,37429,429133,0.087220,0.0,0.0
Year,2021-01-01,All,G,SMP:high-end,28387,323830,0.087660,0.0,0.0
Year,2021-01-01,All,G,SMP:low-end,9310,106427,0.087478,0.0,0.0
Year,2021-01-01,All,G,SMP:mid-end,13328,152038,0.087662,0.0,0.0
Year,2021-01-01,All,H,SMP,24785,429133,0.057756,0.0,0.0
Year,2021-01-01,All,H,SMP:high-end,18565,323830,0.057329,0.0,0.0
Year,2021-01-01,All,H,SMP:low-end,6174,106427,0.058012,0.0,0.0
Year,2021-01-01,All,H,SMP:mid-end,8852,152038,0.058222,0.0,0.0
Year,2021-01-01,All,O,SMP,21310,429133,0.049658,0.0,0.0
Year,2021-01-01,All,O,SMP:high-end,16091,323830,0.049690,0.0,0.0
Year,2021-01-01,All,O,SMP:low-end,5244,106427,0.049273,0.0,0.0
Year,2021-01-01,All,O,SMP:mid-end,7593,152038,0.049941,0.0,0.0
Year,2021-01-01,All,S,SMP,136282,429133,0.317575,0.0,0.0
Year,2021-01-01,All,S,SMP:high-end,102873,323830,0.317676,0.0,0.0
Year,2021-01-01,All,S,SMP:low-end,33756,106427,0.317175,0.0,0.0
Year,2021-01-01,All,S,SMP:mid-end,48160,152038,0.316763,0.0,0.0
Year,2021-01-01,All,X,SMP,26635,429133,0.062067,0.0,0.0
Year,2021-01-01,All,X,SMP:high-end,20081,323830,0.062011,0.0,0.0
Year,2021-01-01,All,X,SMP:low-end,6619,106427,0.062193,0.0,0.0
Year,2021-01-01,All,X,SMP:mid-end,9468,152038,0.062274,0.0,0.0
Year,2021-01-01,Australia,A,SMP,5010,11417,0.438819,0.0,0.0
Year,2021-01-01,Australia,A,SMP:high-end,3771,8632,0.436863,0.0,0.0
Year,2021-01-01,Australia,A,SMP:low-end,1224,2770,0.441877,0.0,0.0
Year,2021-01-01,Australia,A,SMP:mid-end,1774,4042,0.438892,0.0,0.0
Year,2021-01-01,Australia,G,SMP,1117,11417,0.097837,0.0,0.0
Year,2021-01-01,Australia,G,SMP:high-end,878,8632,0.101715,0.0,0.0
Year,2021-01-01,Australia,G,SMP:low-end,260,2770,0.093863,0.0,0.0
Year,2021-01-01,Australia,G,SMP:mid-end,382,4042,0.094508,0.0,0.0
Year,2021-01-01,Australia,H,SMP,567,11417,0.049663,0.0,0.0
Year,2021-01-01,Australia,H,SMP:high-end,427,8632,0.049467,0.0,0.0
Year,2021-01-01,Australia,H,SMP:low-end,130,2770,0.046931,0.0,0.0
Year,2021-01-01,Australia,H,SMP:mid-end,208,4042,0.051460,0.0,0.0
Year,2021-01-01,Australia,O,SMP,476,11417,0.041692,0.0,0.0
Year,2021-01-01,Australia,O,SMP:high-end,356,8632,0.041242,0.0,0.0
Year,2021-01-01,Australia,O,SMP:low-end,115,2770,0.041516,0.0,0.0
Year,2021-01-01,Australia,O,SMP:mid-end,179,4042,0.044285,0.0,0.0
Year,2021-01-01,Australia,S,SMP,3553,11417,0.311203,0.0,0.0
Year,2021-01-01,Australia,S,SMP:high-end,2673,8632,0.309662,0.0,0.0
Year,2021-01-01,Australia,S,SMP:low-end,862,2770,0.311191,0.0,0.0
Year,2021-01-01,Australia,S,SMP:mid-end,1257,4042,0.310985,0.0,0.0
Year,2021-01-01,Australia,X,SMP,694,11417,0.060787,0.0,0.0
Year,2021-01-01,Australia,X,SMP:high-end,527,8632,0.061052,0.0,0.0
Year,2021-01-01,Australia,X,SMP:low-end,179,2770,0.064621,0.0,0.0
Year,2021-01-01,Australia,X,SMP:mid-end,242,4042,0.059871,0.0,0.0
Year,2021-01-01,Brazil,A,SMP,10440,23516,0.443953,0.0,0.0
Year,2021-01-01,Brazil,A,SMP:high-end,7844,17624,0.445075,0.0,0.0
Year,2021-01-01,Brazil,A,SMP:low-end,2682,6015,0.445885,0.0,0.0
Year,2021-01-01,Brazil,A,SMP:mid-end,3678,8280,0.444203,0.0,0.0
Year,2021-01-01,Brazil,G,SMP,2261,23516,0.096147,0.0,0.0
Year,2021-01-01,Brazil,G,SMP:high-end,1694,17624,0.096119,0.0,0.0
Year,2021-01-01,Brazil,G,SMP:low-end,605,6015,0.100582,0.0,0.0
Year,2021-01-01,Brazil,G,SMP:mid-end,775,8280,0.093599,0.0,0.0
Year,2021-01-01,Brazil,H,SMP,1141,23516,0.048520,0.0,0.0
Year,2021-01-01,Brazil,H,SMP:high-end,848,17624,0.048116,0.0,0.0
Year,2021-01-01,Brazil,H,SMP:low-end,307,6015,0.051039,0.0,0.0
Year,2021-01-01,Brazil,H,SMP:mid-end,421,8280,0.050845,0.0,0.0
Year,2021-01-01,Brazil,O,SMP,1032,23516,0.043885,0.0,0.0
Year,2021-01-01,Brazil,O,SMP:high-end,761,17624,0.043180,0.0,0.0
Year,2021-01-01,Brazil,O,SMP:low-end,255,6015,0.042394,0.0,0.0
Year,2021-01-01,Brazil,O,SMP:mid-end,395,8280,0.047705,0.0,0.0
Year,2021-01-01,Brazil,S,SMP,7431,23516,0.315998,0.0,0.0
Year,2021-01-01,Brazil,S,SMP:high-end,5581,17624,0.316670,0.0,0.0
Year,2021-01-01,Brazil,S,SMP:low-end,1851,6015,0.307731,0.0,0.0
Year,2021-01-01,Brazil,S,SMP:mid-end,2580,8280,0.311594,0.0,0.0
Year,2021-01-01,Brazil,X,SMP,1211,23516,0.051497,0.0,0.0
Year,2021-01-01,Brazil,X,SMP:high-end,896,17624,0.050840,0.0,0.0
Year,2021-01-01,Brazil,X,SMP:low-end,315,6015,0.052369,0.0,0.0
Year,2021-01-01,Brazil,X,SMP:mid-end,431,8280,0.052053,0.0,0.0
Year,2021-01-01,Canada,A,SMP,10329,23599,0.437688,0.0,0.0
Year,2021-01-01,Canada,A,SMP:high-end,7794,17777,0.438432,0.0,0.0
Year,2021-01-01,Canada,A,SMP:low-end,2582,5992,0.430908,0.0,0.0
Year,2021-01-01,Canada,A,SMP:mid-end,3630,8351,0.434678,0.0,0.0
Year,2021-01-01,Canada,G,SMP,2266,23599,0.096021,0.0,0.0
Year,2021-01-01,Canada,G,SMP:high-end,1711,17777,0.096248,0.0,0.0
Year,2021-01-01,Canada,G,SMP:low-end,589,5992,0.098298,0.0,0.0
Year,2021-01-01,Canada,G,SMP:mid-end,813,8351,0.097354,0.0,0.0
Year,2021-01-01,Canada,H,SMP,1119,23599,0.047417,0.0,0.0
Year,2021-01-01,Canada,H,SMP:high-end,846,17777,0.047590,0.0,0.0
Year,2021-01-01,Canada,H,SMP:low-end,278,5992,0.046395,0.0,0.0
Year,2021-01-01,Canada,H,SMP:mid-end,411,8351,0.049216,0.0,0.0
Year,2021-01-01,Canada,O,SMP,987,23599,0.041824,0.0,0.0
Year,2021-01-01,Canada,O,SMP:high-end,740,17777,0.041627,0.0,0.0
Year,2021-01-01,Canada,O,SMP:low-end,276,5992,0.046061,0.0,0.0
Year,2021-01-01,Canada,O,SMP:mid-end,341,8351,0.040833,0.0,0.0
Year,2021-01-01,Canada,S,SMP,7553,23599,0.320056,0.0,0.0
Year,2021-01-01,Canada,S,SMP:high-end,5700,17777,0.320639,0.0,0.0
Year,2021-01-01,Canada,S,SMP:low-end,1895,5992,0.316255,0.0,0.0
Year,2021-01-01,Canada,S,SMP:mid-end,2680,8351,0.320920,0.0,0.0
Year,2021-01-01,Canada,X,SMP,1345,23599,0.056994,0.0,0.0
Year,2021-01-01,Canada,X,SMP:high-end,986,17777,0.055465,0.0,0.0
Year,2021-01-01,Canada,X,SMP:low-end,372,5992,0.062083,0.0,0.0
Year,2021-01-01,Canada,X,SMP:mid-end,476,8351,0.056999,0.0,0.0
Year,2021-01-01,China,A,SMP,15790,47005,0.335922,0.0,0.0
Year,2021-01-01,China,A,SMP:high-end,11832,35297,0.335213,0.0,0.0
Year,2021-01-01,China,A,SMP:low-end,3922,11679,0.335816,0.0,0.0
Year,2021-01-01,China,A,SMP:mid-end,5634,16769,0.335977,0.0,0.0
Year,2021-01-01,China,G,SMP,1766,47005,0.037570,0.0,0.0
Year,2021-01-01,China,G,SMP:high-end,1333,35297,0.037765,0.0,0.0
Year,2021-01-01,China,G,SMP:low-end,428,11679,0.036647,0.0,0.0
Year,2021-01-01,China,G,SMP:mid-end,627,16769,0.037390,0.0,0.0
Year,2021-01-01,China,H,SMP,6868,47005,0.146112,0.0,0.0
Year,2021-01-01,China,H,SMP:high-end,5084,35297,0.144035,0.0,0.0
Year,2021-01-01,China,H,SMP:low-end,1661,11679,0.142221,0.0,0.0
Year,2021-01-01,China,H,SMP:mid-end,2504,16769,0.149323,0.0,0.0
Year,2021-01-01,China,O,SMP,6047,47005,0.128646,0.0,0.0
Year,2021-01-01,China,O,SMP:high-end,4604,35297,0.130436,0.0,0.0
Year,2021-01-01,China,O,SMP:low-end,1477,11679,0.126466,0.0,0.0
Year,2021-01-01,China,O,SMP:mid-end,2170,16769,0.129405,0.0,0.0
Year,2021-01-01,China,S,SMP,9982,47005,0.212360,0.0,0.0
Year,2021-01-01,China,S,SMP:high-end,7480,35297,0.211916,0.0,0.0
Year,2021-01-01,China,S,SMP:low-end,2535,11679,0.217056,0.0,0.0
Year,2021-01-01,China,S,SMP:mid-end,3507,16769,0.209136,0.0,0.0
Year,2021-01-01,China,X,SMP,6552,47005,0.139389,0.0,0.0
Year,2021-01-01,China,X,SMP:high-end,4964,35297,0.140635,0.0,0.0
Year,2021-01-01,China,X,SMP:low-end,1656,11679,0.141793,0.0,0.0
Year,2021-01-01,China,X,SMP:mid-end,2327,16769,0.138768,0.0,0.0
Year,2021-01-01,France,A,SMP,15554,35479,0.438400,0.0,0.0
Year,2021-01-01,France,A,SMP:high-end,11756,26871,0.437498,0.0,0.0
Year,2021-01-01,France,A,SMP:low-end,3868,8815,0.438798,0.0,0.0
Year,2021-01-01,France,A,SMP:mid-end,5538,12617,0.438932,0.0,0.0
Year,2021-01-01,France,G,SMP,3387,35479,0.095465,0.0,0.0
Year,2021-01-01,France,G,SMP:high-end,2582,26871,0.096089,0.0,0.0
Year,2021-01-01,France,G,SMP:low-end,852,8815,0.096653,0.0,0.0
Year,2021-01-01,France,G,SMP:mid-end,1197,12617,0.094872,0.0,0.0
Year,2021-01-01,France,H,SMP,1758,35479,0.049550,0.0,0.0
Year,2021-01-01,France,H,SMP:high-end,1329,26871,0.049459,0.0,0.0
Year,2021-01-01,France,H,SMP:low-end,445,8815,0.050482,0.0,0.0
Year,2021-01-01,France,H,SMP:mid-end,595,12617,0.047159,0.0,0.0
Year,2021-01-01,France,O,SMP,1504,35479,0.042391,0.0,0.0
Year,2021-01-01,France,O,SMP:high-end,1132,26871,0.042127,0.0,0.0
Year,2021-01-01,France,O,SMP:low-end,382,8815,0.043335,0.0,0.0
Year,2021-01-01,France,O,SMP:mid-end,523,12617,0.041452,0.0,0.0
Year,2021-01-01,France,S,SMP,11287,35479,0.318132,0.0,0.0
Year,2021-01-01,France,S,SMP:high-end,8570,26871,0.318931,0.0,0.0
Year,2021-01-01,France,S,SMP:low-end,2787,8815,0.316166,0.0,0.0
Year,2021-01-01,France,S,SMP:mid-end,4042,12617,0.320361,0.0,0.0
Year,2021-01-01,France,X,SMP,1989,35479,0.056061,0.0,0.0
Year,2021-01-01,France,X,SMP:high-end,1502,26871,0.055897,0.0,0.0
Year,2021-01-01,France,X,SMP:low-end,481,8815,0.054566,0.0,0.0
Year,2021-01-01,France,X,SMP:mid-end,722,12617,0.057224,0.0,0.0
Year,2021-01-01,Germany,A,SMP,15446,35015,0.441125,0.0,0.0
Year,2021-01-01,Germany,A,SMP:high-end,11689,26495,0.441178,0.0,0.0
Year,2021-01-01,Germany,A,SMP:low-end,3782,8592,0.440177,0.0,0.0
Year,2021-01-01,Germany,A,SMP:mid-end,5485,12358,0.443842,0.0,0.0
Year,2021-01-01,Germany,G,SMP,3523,35015,0.100614,0.0,0.0
Year,2021-01-01,Germany,G,SMP:high-end,2685,26495,0.101340,0.0,0.0
Year,2021-01-01,Germany,G,SMP:low-end,853,8592,0.099278,0.0,0.0
Year,2021-01-01,Germany,G,SMP:mid-end,1200,12358,0.097103,0.0,0.0
Year,2021-01-01,Germany,H,SMP,1725,35015,0.049265,0.0,0.0
Year,2021-01-01,Germany,H,SMP:high-end,1320,26495,0.049821,0.0,0.0
Year,2021-01-01,Germany,H,SMP:low-end,442,8592,0.051443,0.0,0.0
Year,2021-01-01,Germany,H,SMP:mid-end,579,12358,0.046852,0.0,0.0
Year,2021-01-01,Germany,O,SMP,1454,35015,0.041525,0.0,0.0
Year,2021-01-01,Germany,O,SMP:high-end,1101,26495,0.041555,0.0,0.0
Year,2021-01-01,Germany,O,SMP:low-end,363,8592,0.042249,0.0,0.0
Year,2021-01-01,Germany,O,SMP:mid-end,529,12358,0.042806,0.0,0.0
Year,2021-01-01,Germany,S,SMP,10916,35015,0.311752,0.0,0.0
Year,2021-01-01,Germany,S,SMP:high-end,8221,26495,0.310285,0.0,0.0
Year,2021-01-01,Germany,S,SMP:low-end,2693,8592,0.313431,0.0,0.0
Year,2021-01-01,Germany,S,SMP:mid-end,3892,12358,0.314938,0.0,0.0
Year,2021-01-01,Germany,X,SMP,1951,35015,0.055719,0.0,0.0
Year,2021-01-01,Germany,X,SMP:high-end,1479,26495,0.055822,0.0,0.0
Year,2021-01-01,Germany,X,SMP:low-end,459,8592,0.053422,0.0,0.0
Year,2021-01-01,Germany,X,SMP:mid-end,673,12358,0.054459,0.0,0.0
Year,2021-01-01,India,A,SMP,9993,22914,0.436109,0.0,0.0
Year,2021-01-01,India,A,SMP:high-end,7556,17411,0.433979,0.0,0.0
Year,2021-01-01,India,A,SMP:low-end,2490,5629,0.442352,0.0,0.0
Year,2021-01-01,India,A,SMP:mid-end,3569,8055,0.443079,0.0,0.0
Year,2021-01-01,India,G,SMP,2153,22914,0.093960,0.0,0.0
Year,2021-01-01,India,G,SMP:high-end,1637,17411,0.094021,0.0,0.0
Year,2021-01-01,India,G,SMP:low-end,517,5629,0.091846,0.0,0.0
Year,2021-01-01,India,G,SMP:mid-end,787,8055,0.097703,0.0,0.0
Year,2021-01-01,India,H,SMP,1135,22914,0.049533,0.0,0.0
Year,2021-01-01,India,H,SMP:high-end,865,17411,0.049681,0.0,0.0
Year,2021-01-01,India,H,SMP:low-end,306,5629,0.054361,0.0,0.0
Year,2021-01-01,India,H,SMP:mid-end,383,8055,0.047548,0.0,0.0
Year,2021-01-01,India,O,SMP,989,22914,0.043161,0.0,0.0
Year,2021-01-01,India,O,SMP:high-end,751,17411,0.043134,0.0,0.0
Year,2021-01-01,India,O,SMP:low-end,211,5629,0.037484,0.0,0.0
Year,2021-01-01,India,O,SMP:mid-end,353,8055,0.043824,0.0,0.0
Year,2021-01-01,India,S,SMP,7391,22914,0.322554,0.0,0.0
Year,2021-01-01,India,S,SMP:high-end,5670,17411,0.325656,0.0,0.0
Year,2021-01-01,India,S,SMP:low-end,1785,5629,0.317108,0.0,0.0
Year,2021-01-01,India,S,SMP:mid-end,2533,8055,0.314463,0.0,0.0
Year,2021-01-01,India,X,SMP,1253,22914,0.054683,0.0,0.0
Year,2021-01-01,India,X,SMP:high-end,932,17411,0.053529,0.0,0.0
Year,2021-01-01,India,X,SMP:low-end,320,5629,0.056848,0.0,0.0
Year,2021-01-01,India,X,SMP:mid-end,430,8055,0.053383,0.0,0.0
Year,2021-01-01,Indonesia,A,SMP,2899,6717,0.431591,0.0,0.0
Year,2021-01-01,Indonesia,A,SMP:high-end,2163,5040,0.429167,0.0,0.0
Year,2021-01-01,Indonesia,A,SMP:low-end,729,1736,0.419931,0.0,0.0
Year,2021-01-01,Indonesia,A,SMP:mid-end,1024,2310,0.443290,0.0,0.0
Year,2021-01-01,Indonesia,G,SMP,639,6717,0.095132,0.0,0.0
Year,2021-01-01,Indonesia,G,SMP:high-end,486,5040,0.096429,0.0,0.0
Year,2021-01-01,Indonesia,G,SMP:low-end,178,1736,0.102535,0.0,0.0
Year,2021-01-01,Indonesia,G,SMP:mid-end,220,2310,0.095238,0.0,0.0
Year,2021-01-01,Indonesia,H,SMP,326,6717,0.048534,0.0,0.0
Year,2021-01-01,Indonesia,H,SMP:high-end,249,5040,0.049405,0.0,0.0
Year,2021-01-01,Indonesia,H,SMP:low-end,96,1736,0.055300,0.0,0.0
Year,2021-01-01,Indonesia,H,SMP:mid-end,116,2310,0.050216,0.0,0.0
Year,2021-01-01,Indonesia,O,SMP,300,6717,0.044663,0.0,0.0
Year,2021-01-01,Indonesia,O,SMP:high-end,216,5040,0.042857,0.0,0.0
Year,2021-01-01,Indonesia,O,SMP:low-end,84,1736,0.048387,0.0,0.0
Year,2021-01-01,Indonesia,O,SMP:mid-end,102,2310,0.044156,0.0,0.0
Year,2021-01-01,Indonesia,S,SMP,2175,6717,0.323805,0.0,0.0
Year,2021-01-01,Indonesia,S,SMP:high-end,1641,5040,0.325595,0.0,0.0
Year,2021-01-01,Indonesia,S,SMP:low-end,558,1736,0.321429,0.0,0.0
Year,2021-01-01,Indonesia,S,SMP:mid-end,729,2310,0.315584,0.0,0.0
Year,2021-01-01,Indonesia,X,SMP,378,6717,0.056275,0.0,0.0
Year,2021-01-01,Indonesia,X,SMP:high-end,285,5040,0.056548,0.0,0.0
Year,2021-01-01,Indonesia,X,SMP:low-end,91,1736,0.052419,0.0,0.0
Year,2021-01-01,Indonesia,X,SMP:mid-end,119,2310,0.051515,0.0,0.0
Year,2021-01-01,Italy,A,SMP,10091,22835,0.441909,0.0,0.0
Year,2021-01-01,Italy,A,SMP:high-end,7598,17236,0.440822,0.0,0.0
Year,2021-01-01,Italy,A,SMP:low-end,2469,5637,0.437999,0.0,0.0
Year,2021-01-01,Italy,A,SMP:mid-end,3705,8308,0.445956,0.0,0.0
Year,2021-01-01,Italy,G,SMP,2195,22835,0.096124,0.0,0.0
Year,2021-01-01,Italy,G,SMP:high-end,1650,17236,0.095730,0.0,0.0
Year,2021-01-01,Italy,G,SMP:low-end,559,5637,0.099166,0.0,0.0
Year,2021-01-01,Italy,G,SMP:mid-end,807,8308,0.097135,0.0,0.0
Year,2021-01-01,Italy,H,SMP,1154,22835,0.050536,0.0,0.0
Year,2021-01-01,Italy,H,SMP:high-end,887,17236,0.051462,0.0,0.0
Year,2021-01-01,Italy,H,SMP:low-end,286,5637,0.050736,0.0,0.0
Year,2021-01-01,Italy,H,SMP:mid-end,422,8308,0.050794,0.0,0.0
Year,2021-01-01,Italy,O,SMP,960,22835,0.042041,0.0,0.0
Year,2021-01-01,Italy,O,SMP:high-end,728,17236,0.042237,0.0,0.0
Year,2021-01-01,Italy,O,SMP:low-end,239,5637,0.042398,0.0,0.0
Year,2021-01-01,Italy,O,SMP:mid-end,340,8308,0.040924,0.0,0.0
Year,2021-01-01,Italy,S,SMP,7201,22835,0.315349,0.0,0.0
Year,2021-01-01,Italy,S,SMP:high-end,5430,17236,0.315038,0.0,0.0
Year,2021-01-01,Italy,S,SMP:low-end,1797,5637,0.318787,0.0,0.0
Year,2021-01-01,Italy,S,SMP:mid-end,2587,8308,0.311387,0.0,0.0
Year,2021-01-01,Italy,X,SMP,1234,22835,0.054040,0.0,0.0
Year,2021-01-01,Italy,X,SMP:high-end,943,17236,0.054711,0.0,0.0
Year,2021-01-01,Italy,X,SMP:low-end,287,5637,0.050914,0.0,0.0
Year,2021-01-01,Italy,X,SMP:mid-end,447,8308,0.053804,0.0,0.0
Year,2021-01-01,Japan,A,SMP,15375,35238,0.436319,0.0,0.0
Year,2021-01-01,Japan,A,SMP:high-end,11609,26529,0.437597,0.0,0.0
Year,2021-01-01,Japan,A,SMP:low-end,3778,8665,0.436007,0.0,0.0
Year,2021-01-01,Japan,A,SMP:mid-end,5370,12440,0.431672,0.0,0.0
Year,2021-01-01,Japan,G,SMP,3411,35238,0.096799,0.0,0.0
Year,2021-01-01,Japan,G,SMP:high-end,2584,26529,0.097403,0.0,0.0
Year,2021-01-01,Japan,G,SMP:low-end,836,8665,0.096480,0.0,0.0
Year,2021-01-01,Japan,G,SMP:mid-end,1216,12440,0.097749,0.0,0.0
Year,2021-01-01,Japan,H,SMP,1781,35238,0.050542,0.0,0.0
Year,2021-01-01,Japan,H,SMP:high-end,1332,26529,0.050209,0.0,0.0
Year,2021-01-01,Japan,H,SMP:low-end,450,8665,0.051933,0.0,0.0
Year,2021-01-01,Japan,H,SMP:mid-end,637,12440,0.051206,0.0,0.0
Year,2021-01-01,Japan,O,SMP,1475,35238,0.041858,0.0,0.0
Year,2021-01-01,Japan,O,SMP:high-end,1098,26529,0.041389,0.0,0.0
Year,2021-01-01,Japan,O,SMP:low-end,361,8665,0.041662,0.0,0.0
Year,2021-01-01,Japan,O,SMP:mid-end,525,12440,0.042203,0.0,0.0
Year,2021-01-01,Japan,S,SMP,11290,35238,0.320393,0.0,0.0
Year,2021-01-01,Japan,S,SMP:high-end,8466,26529,0.319122,0.0,0.0
Year,2021-01-01,Japan,S,SMP:low-end,2787,8665,0.321639,0.0,0.0
Year,2021-01-01,Japan,S,SMP:mid-end,3998,12440,0.321383,0.0,0.0
Year,2021-01-01,Japan,X,SMP,1906,35238,0.054089,0.0,0.0
Year,2021-01-01,Japan,X,SMP:high-end,1440,26529,0.054280,0.0,0.0
Year,2021-01-01,Japan,X,SMP:low-end,453,8665,0.052279,0.0,0.0
Year,2021-01-01,Japan,X,SMP:mid-end,694,12440,0.055788,0.0,0.0
Year,2021-01-01,"Korea, Rep.",A,SMP,13738,32396,0.424065,0.0,0.0
Year,2021-01-01,"Korea, Rep.",A,SMP:high-end,10346,24366,0.424608,0.0,0.0
Year,2021-01-01,"Korea, Rep.",A,SMP:low-end,3425,8021,0.427004,0.0,0.0
Year,2021-01-01,"Korea, Rep.",A,SMP:mid-end,4827,11529,0.418683,0.0,0.0
Year,2021-01-01,"Korea, Rep.",G,SMP,2061,32396,0.063619,0.0,0.0
Year,2021-01-01,"Korea, Rep.",G,SMP:high-end,1541,24366,0.063244,0.0,0.0
Year,2021-01-01,"Korea, Rep.",G,SMP:low-end,502,8021,0.062586,0.0,0.0
Year,2021-01-01,"Korea, Rep.",G,SMP:mid-end,778,11529,0.067482,0.0,0.0
Year,2021-01-01,"Korea, Rep.",H,SMP,710,32396,0.021916,0.0,0.0
Year,2021-01-01,"Korea, Rep.",H,SMP:high-end,529,24366,0.021711,0.0,0.0
Year,2021-01-01,"Korea, Rep.",H,SMP:low-end,167,8021,0.020820,0.0,0.0
Year,2021-01-01,"Korea, Rep.",H,SMP:mid-end,251,11529,0.021771,0.0,0.0
Year,2021-01-01,"Korea, Rep.",O,SMP,462,32396,0.014261,0.0,0.0
Year,2021-01-01,"Korea, Rep.",O,SMP:high-end,340,24366,0.013954,0.0,0.0
Year,2021-01-01,"Korea, Rep.",O,SMP:low-end,95,8021,0.011844,0.0,0.0
Year,2021-01-01,"Korea, Rep.",O,SMP:mid-end,158,11529,0.013705,0.0,0.0
Year,2021-01-01,"Korea, Rep.",S,SMP,14737,32396,0.454902,0.0,0.0
Year,2021-01-01,"Korea, Rep.",S,SMP:high-end,11087,24366,0.455019,0.0,0.0
Year,2021-01-01,"Korea, Rep.",S,SMP:low-end,3659,8021,0.456178,0.0,0.0
Year,2021-01-01,"Korea, Rep.",S,SMP:mid-end,5267,11529,0.456848,0.0,0.0
Year,2021-01-01,"Korea, Rep.",X,SMP,688,32396,0.021237,0.0,0.0
Year,2021-01-01,"Korea, Rep.",X,SMP:high-end,523,24366,0.021464,0.0,0.0
Year,2021-01-01,"Korea, Rep.",X,SMP:low-end,173,8021,0.021568,0.0,0.0
Year,2021-01-01,"Korea, Rep.",X,SMP:mid-end,248,11529,0.021511,0.0,0.0
Year,2021-01-01,Mexico,A,SMP,2977,6880,0.432703,0.0,0.0
Year,2021-01-01,Mexico,A,SMP:high-end,2250,5170,0.435203,0.0,0.0
Year,2021-01-01,Mexico,A,SMP:low-end,733,1684,0.435273,0.0,0.0
Year,2021-01-01,Mexico,A,SMP:mid-end,1053,2405,0.437838,0.0,0.0
Year,2021-01-01,Mexico,G,SMP,670,6880,0.097384,0.0,0.0
Year,2021-01-01,Mexico,G,SMP:high-end,507,5170,0.098066,0.0,0.0
Year,2021-01-01,Mexico,G,SMP:low-end,161,1684,0.095606,0.0,0.0
Year,2021-01-01,Mexico,G,SMP:mid-end,246,2405,0.102287,0.0,0.0
Year,2021-01-01,Mexico,H,SMP,372,6880,0.054070,0.0,0.0
Year,2021-01-01,Mexico,H,SMP:high-end,289,5170,0.055899,0.0,0.0
Year,2021-01-01,Mexico,H,SMP:low-end,84,1684,0.049881,0.0,0.0
Year,2021-01-01,Mexico,H,SMP:mid-end,109,2405,0.045322,0.0,0.0
Year,2021-01-01,Mexico,O,SMP,282,6880,0.040988,0.0,0.0
Year,2021-01-01,Mexico,O,SMP:high-end,203,5170,0.039265,0.0,0.0
Year,2021-01-01,Mexico,O,SMP:low-end,76,1684,0.045131,0.0,0.0
Year,2021-01-01,Mexico,O,SMP:mid-end,98,2405,0.040748,0.0,0.0
Year,2021-01-01,Mexico,S,SMP,2225,6880,0.323401,0.0,0.0
Year,2021-01-01,Mexico,S,SMP:high-end,1662,5170,0.321470,0.0,0.0
Year,2021-01-01,Mexico,S,SMP:low-end,541,1684,0.321259,0.0,0.0
Year,2021-01-01,Mexico,S,SMP:mid-end,779,2405,0.323909,0.0,0.0
Year,2021-01-01,Mexico,X,SMP,354,6880,0.051453,0.0,0.0
Year,2021-01-01,Mexico,X,SMP:high-end,259,5170,0.050097,0.0,0.0
Year,2021-01-01,Mexico,X,SMP:low-end,89,1684,0.052850,0.0,0.0
Year,2021-01-01,Mexico,X,SMP:mid-end,120,2405,0.049896,0.0,0.0
Year,2021-01-01,Spain,A,SMP,9769,22560,0.433023,0.0,0.0
Year,2021-01-01,Spain,A,SMP:high-end,7410,17133,0.432499,0.0,0.0
Year,2021-01-01,Spain,A,SMP:low-end,2433,5678,0.428496,0.0,0.0
Year,2021-01-01,Spain,A,SMP:mid-end,3466,7970,0.434881,0.0,0.0
Year,2021-01-01,Spain,G,SMP,2178,22560,0.096543,0.0,0.0
Year,2021-01-01,Spain,G,SMP:high-end,1642,17133,0.095838,0.0,0.0
Year,2021-01-01,Spain,G,SMP:low-end,550,5678,0.096865,0.0,0.0
Year,2021-01-01,Spain,G,SMP:mid-end,793,7970,0.099498,0.0,0.0
Year,2021-01-01,Spain,H,SMP,1088,22560,0.048227,0.0,0.0
Year,2021-01-01,Spain,H,SMP:high-end,817,17133,0.047686,0.0,0.0
Year,2021-01-01,Spain,H,SMP:low-end,288,5678,0.050722,0.0,0.0
Year,2021-01-01,Spain,H,SMP:mid-end,379,7970,0.047553,0.0,0.0
Year,2021-01-01,Spain,O,SMP,961,22560,0.042598,0.0,0.0
Year,2021-01-01,Spain,O,SMP:high-end,733,17133,0.042783,0.0,0.0
Year,2021-01-01,Spain,O,SMP:low-end,258,5678,0.045439,0.0,0.0
Year,2021-01-01,Spain,O,SMP:mid-end,335,7970,0.042033,0.0,0.0
Year,2021-01-01,Spain,S,SMP,7294,22560,0.323316,0.0,0.0
Year,2021-01-01,Spain,S,SMP:high-end,5587,17133,0.326096,0.0,0.0
Year,2021-01-01,Spain,S,SMP:low-end,1822,5678,0.320888,0.0,0.0
Year,2021-01-01,Spain,S,SMP:mid-end,2531,7970,0.317566,0.0,0.0
Year,2021-01-01,Spain,X,SMP,1270,22560,0.056294,0.0,0.0
Year,2021-01-01,Spain,X,SMP:high-end,944,17133,0.055098,0.0,0.0
Year,2021-01-01,Spain,X,SMP:low-end,327,5678,0.057591,0.0,0.0
Year,2021-01-01,Spain,X,SMP:mid-end,466,7970,0.058469,0.0,0.0
Year,2021-01-01,United Kingdom,A,SMP,14512,33458,0.433738,0.0,0.0
Year,2021-01-01,United Kingdom,A,SMP:high-end,10960,25249,0.434077,0.0,0.0
Year,2021-01-01,United Kingdom,A,SMP:low-end,3624,8306,0.436311,0.0,0.0
Year,2021-01-01,United Kingdom,A,SMP:mid-end,5090,11897,0.427839,0.0,0.0
Year,2021-01-01,United Kingdom,G,SMP,3112,33458,0.093012,0.0,0.0
Year,2021-01-01,United Kingdom,G,SMP:high-end,2374,25249,0.094024,0.0,0.0
Year,2021-01-01,United Kingdom,G,SMP:low-end,778,8306,0.093667,0.0,0.0
Year,2021-01-01,United Kingdom,G,SMP:mid-end,1126,11897,0.094646,0.0,0.0
Year,2021-01-01,United Kingdom,H,SMP,1649,33458,0.049286,0.0,0.0
Year,2021-01-01,United Kingdom,H,SMP:high-end,1215,25249,0.048121,0.0,0.0
Year,2021-01-01,United Kingdom,H,SMP:low-end,394,8306,0.047436,0.0,0.0
Year,2021-01-01,United Kingdom,H,SMP:mid-end,629,11897,0.052870,0.0,0.0
Year,2021-01-01,United Kingdom,O,SMP,1432,33458,0.042800,0.0,0.0
Year,2021-01-01,United Kingdom,O,SMP:high-end,1110,25249,0.043962,0.0,0.0
Year,2021-01-01,United Kingdom,O,SMP:low-end,328,8306,0.039490,0.0,0.0
Year,2021-01-01,United Kingdom,O,SMP:mid-end,479,11897,0.040262,0.0,0.0
Year,2021-01-01,United Kingdom,S,SMP,10884,33458,0.325303,0.0,0.0
Year,2021-01-01,United Kingdom,S,SMP:high-end,8217,25249,0.325439,0.0,0.0
Year,2021-01-01,United Kingdom,S,SMP:low-end,2707,8306,0.325909,0.0,0.0
Year,2021-01-01,United Kingdom,S,SMP:mid-end,3885,11897,0.326553,0.0,0.0
Year,2021-01-01,United Kingdom,X,SMP,1869,33458,0.055861,0.0,0.0
Year,2021-01-01,United Kingdom,X,SMP:high-end,1373,25249,0.054378,0.0,0.0
Year,2021-01-01,United Kingdom,X,SMP:low-end,475,8306,0.057188,0.0,0.0
Year,2021-01-01,United Kingdom,X,SMP:mid-end,688,11897,0.057830,0.0,0.0
Year,2021-01-01,United States,A,SMP,30769,70104,0.438905,0.0,0.0
Year,2021-01-01,United States,A,SMP:high-end,23255,53000,0.438774,0.0,0.0
Year,2021-01-01,United States,A,SMP:low-end,7583,17208,0.440667,0.0,0.0
Year,2021-01-01,United States,A,SMP:mid-end,10794,24707,0.436880,0.0,0.0
Year,2021-01-01,United States,G,SMP,6690,70104,0.095430,0.0,0.0
Year,2021-01-01,United States,G,SMP:high-end,5083,53000,0.095906,0.0,0.0
Year,2021-01-01,United States,G,SMP:low-end,1642,17208,0.095421,0.0,0.0
Year,2021-01-01,United States,G,SMP:mid-end,2361,24707,0.095560,0.0,0.0
Year,2021-01-01,United States,H,SMP,3392,70104,0.048385,0.0,0.0
Year,2021-01-01,United States,H,SMP:high-end,2528,53000,0.047698,0.0,0.0
Year,2021-01-01,United States,H,SMP:low-end,840,17208,0.048815,0.0,0.0
Year,2021-01-01,United States,H,SMP:mid-end,1208,24707,0.048893,0.0,0.0
Year,2021-01-01,United States,O,SMP,2949,70104,0.042066,0.0,0.0
Year,2021-01-01,United States,O,SMP:high-end,2218,53000,0.041849,0.0,0.0
Year,2021-01-01,United States,O,SMP:low-end,724,17208,0.042073,0.0,0.0
Year,2021-01-01,United States,O,SMP:mid-end,1066,24707,0.043146,0.0,0.0
Year,2021-01-01,United States,S,SMP,22363,70104,0.318997,0.0,0.0
Year,2021-01-01,United States,S,SMP:high-end,16888,53000,0.318642,0.0,0.0
Year,2021-01-01,United States,S,SMP:low-end,5477,17208,0.318282,0.0,0.0
Year,2021-01-01,United States,S,SMP:mid-end,7893,24707,0.319464,0.0,0.0
Year,2021-01-01,United States,X,SMP,3941,70104,0.056216,0.0,0.0
Year,2021-01-01,United States,X,SMP:high-end,3028,53000,0.057132,0.0,0.0
Year,2021-01-01,United States,X,SMP:low-end,942,17208,0.054742,0.0,0.0
Year,2021-01-01,United States,X,SMP:mid-end,1385,24707,0.056057,0.0,0.0
Year,2022-01-01,All,A,SMP,185160,435824,0.424850,0.0,0.0
Year,2022-01-01,All,A,SMP:high-end,139925,329373,0.424822,0.0,0.0
Year,2022-01-01,All,A,SMP:low-end,45699,108201,0.422353,0.0,0.0
Year,2022-01-01,All,A,SMP:mid-end,65362,154288,0.423636,0.0,0.0
Year,2022-01-01,All,G,SMP,37984,435824,0.087154,0.0,0.0
Year,2022-01-01,All,G,SMP:high-end,28622,329373,0.086898,0.0,0.0
Year,2022-01-01,All,G,SMP:low-end,9476,108201,0.087578,0.0,0.0
Year,2022-01-01,All,G,SMP:mid-end,13517,154288,0.087609,0.0,0.0
Year,2022-01-01,All,H,SMP,25257,435824,0.057952,0.0,0.0
Year,2022-01-01,All,H,SMP:high-end,19038,329373,0.057801,0.0,0.0
Year,2022-01-01,All,H,SMP:low-end,6345,108201,0.058641,0.0,0.0
Year,2022-01-01,All,H,SMP:mid-end,8918,154288,0.057801,0.0,0.0
Year,2022-01-01,All,O,SMP,21722,435824,0.049841,0.0,0.0
Year,2022-01-01,All,O,SMP:high-end,16531,329373,0.050189,0.0,0.0
Year,2022-01-01,All,O,SMP:low-end,5397,108201,0.049879,0.0,0.0
Year,2022-01-01,All,O,SMP:mid-end,7597,154288,0.049239,0.0,0.0
Year,2022-01-01,All,S,SMP,138447,435824,0.317667,0.0,0.0
Year,2022-01-01,All,S,SMP:high-end,104676,329373,0.317804,0.0,0.0
Year,2022-01-01,All,S,SMP:low-end,34465,108201,0.318528,0.0,0.0
Year,2022-01-01,All,S,SMP:mid-end,49156,154288,0.318599,0.0,0.0
Year,2022-01-01,All,X,SMP,27254,435824,0.062534,0.0,0.0
Year,2022-01-01,All,X,SMP:high-end,20581,329373,0.062485,0.0,0.0
Year,2022-01-01,All,X,SMP:low-end,6819,108201,0.063022,0.0,0.0
Year,2022-01-01,All,X,SMP:mid-end,9738,154288,0.063116,0.0,0.0
Year,2022-01-01,Australia,A,SMP,4835,11128,0.434490,0.0,0.0
Year,2022-01-01,Australia,A,SMP:high-end,3638,8360,0.435167,0.0,0.0
Year,2022-01-01,Australia,A,SMP:low-end,1139,2704,0.421228,0.0,0.0
Year,2022-01-01,Australia,A,SMP:mid-end,1724,3991,0.431972,0.0,0.0
Year,2022-01-01,Australia,G,SMP,1100,11128,0.098850,0.0,0.0
Year,2022-01-01,Australia,G,SMP:high-end,805,8360,0.096292,0.0,0.0
Year,2022-01-01,Australia,G,SMP:low-end,278,2704,0.102811,0.0,0.0
Year,2022-01-01,Australia,G,SMP:mid-end,409,3991,0.102481,0.0,0.0
Year,2022-01-01,Australia,H,SMP,526,11128,0.047268,0.0,0.0
Year,2022-01-01,Australia,H,SMP:high-end,400,8360,0.047847,0.0,0.0
Year,2022-01-01,Australia,H,SMP:low-end,132,2704,0.048817,0.0,0.0
Year,2022-01-01,Australia,H,SMP:mid-end,178,3991,0.044600,0.0,0.0
Year,2022-01-01,Australia,O,SMP,476,11128,0.042775,0.0,0.0
Year,2022-01-01,Australia,O,SMP:high-end,360,8360,0.043062,0.0,0.0
Year,2022-01-01,Australia,O,SMP:low-end,109,2704,0.040311,0.0,0.0
Year,2022-01-01,Australia,O,SMP:mid-end,171,3991,0.042846,0.0,0.0
Year,2022-01-01,Australia,S,SMP,3556,11128,0.319554,0.0,0.0
Year,2022-01-01,Australia,S,SMP:high-end,2669,8360,0.319258,0.0,0.0
Year,2022-01-01,Australia,S,SMP:low-end,900,2704,0.332840,0.0,0.0
Year,2022-01-01,Australia,S,SMP:mid-end,1289,3991,0.322977,0.0,0.0
Year,2022-01-01,Australia,X,SMP,635,11128,0.057063,0.0,0.0
Year,2022-01-01,Australia,X,SMP:high-end,488,8360,0.058373,0.0,0.0
Year,2022-01-01,Australia,X,SMP:low-end,146,2704,0.053994,0.0,0.0
Year,2022-01-01,Australia,X,SMP:mid-end,220,3991,0.055124,0.0,0.0
Year,2022-01-01,Brazil,A,SMP,9908,22618,0.438058,0.0,0.0
Year,2022-01-01,Brazil,A,SMP:high-end,7521,17115,0.439439,0.0,0.0
Year,2022-01-01,Brazil,A,SMP:low-end,2333,5407,0.431478,0.0,0.0
Year,2022-01-01,Brazil,A,SMP:mid-end,3537,8033,0.440309,0.0,0.0
Year,2022-01-01,Brazil,G,SMP,2229,22618,0.098550,0.0,0.0
Year,2022-01-01,Brazil,G,SMP:high-end,1690,17115,0.098744,0.0,0.0
Year,2022-01-01,Brazil,G,SMP:low-end,546,5407,0.100980,0.0,0.0
Year,2022-01-01,Brazil,G,SMP:mid-end,782,8033,0.097348,0.0,0.0
Year,2022-01-01,Brazil,H,SMP,1128,22618,0.049872,0.0,0.0
Year,2022-01-01,Brazil,H,SMP:high-end,861,17115,0.050307,0.0,0.0
Year,2022-01-01,Brazil,H,SMP:low-end,266,5407,0.049195,0.0,0.0
Year,2022-01-01,Brazil,H,SMP:mid-end,402,8033,0.050044,0.0,0.0
Year,2022-01-01,Brazil,O,SMP,932,22618,0.041206,0.0,0.0
Year,2022-01-01,Brazil,O,SMP:high-end,700,17115,0.040900,0.0,0.0
Year,2022-01-01,Brazil,O,SMP:low-end,210,5407,0.038839,0.0,0.0
Year,2022-01-01,Brazil,O,SMP:mid-end,342,8033,0.042574,0.0,0.0
Year,2022-01-01,Brazil,S,SMP,7177,22618,0.317314,0.0,0.0
Year,2022-01-01,Brazil,S,SMP:high-end,5400,17115,0.315513,0.0,0.0
Year,2022-01-01,Brazil,S,SMP:low-end,1757,5407,0.324949,0.0,0.0
Year,2022-01-01,Brazil,S,SMP:mid-end,2502,8033,0.311465,0.0,0.0
Year,2022-01-01,Brazil,X,SMP,1244,22618,0.055000,0.0,0.0
Year,2022-01-01,Brazil,X,SMP:high-end,943,17115,0.055098,0.0,0.0
Year,2022-01-01,Brazil,X,SMP:low-end,295,5407,0.054559,0.0,0.0
Year,2022-01-01,Brazil,X,SMP:mid-end,468,8033,0.058260,0.0,0.0
Year,2022-01-01,Canada,A,SMP,10055,23150,0.434341,0.0,0.0
Year,2022-01-01,Canada,A,SMP:high-end,7539,17409,0.433052,0.0,0.0
Year,2022-01-01,Canada,A,SMP:low-end,2541,5890,0.431409,0.0,0.0
Year,2022-01-01,Canada,A,SMP:mid-end,3625,8263,0.438703,0.0,0.0
Year,2022-01-01,Canada,G,SMP,2129,23150,0.091965,0.0,0.0
Year,2022-01-01,Canada,G,SMP:high-end,1591,17409,0.091390,0.0,0.0
Year,2022-01-01,Canada,G,SMP:low-end,534,5890,0.090662,0.0,0.0
Year,2022-01-01,Canada,G,SMP:mid-end,749,8263,0.090645,0.0,0.0
Year,2022-01-01,Canada,H,SMP,1143,23150,0.049374,0.0,0.0
Year,2022-01-01,Canada,H,SMP:high-end,856,17409,0.049170,0.0,0.0
Year,2022-01-01,Canada,H,SMP:low-end,292,5890,0.049576,0.0,0.0
Year,2022-01-01,Canada,H,SMP:mid-end,389,8263,0.047077,0.0,0.0
Year,2022-01-01,Canada,O,SMP,974,23150,0.042073,0.0,0.0
Year,2022-01-01,Canada,O,SMP:high-end,749,17409,0.043024,0.0,0.0
Year,2022-01-01,Canada,O,SMP:low-end,266,5890,0.045161,0.0,0.0
Year,2022-01-01,Canada,O,SMP:mid-end,354,8263,0.042842,0.0,0.0
Year,2022-01-01,Canada,S,SMP,7508,23150,0.324320,0.0,0.0
Year,2022-01-01,Canada,S,SMP:high-end,5648,17409,0.324430,0.0,0.0
Year,2022-01-01,Canada,S,SMP:low-end,1895,5890,0.321732,0.0,0.0
Year,2022-01-01,Canada,S,SMP:mid-end,2688,8263,0.325306,0.0,0.0
Year,2022-01-01,Canada,X,SMP,1341,23150,0.057927,0.0,0.0
Year,2022-01-01,Canada,X,SMP:high-end,1026,17409,0.058935,0.0,0.0
Year,2022-01-01,Canada,X,SMP:low-end,362,5890,0.061460,0.0,0.0
Year,2022-01-01,Canada,X,SMP:mid-end,458,8263,0.055428,0.0,0.0
Year,2022-01-01,China,A,SMP,16382,48990,0.334395,0.0,0.0
Year,2022-01-01,China,A,SMP:high-end,12409,37115,0.334339,0.0,0.0
Year,2022-01-01,China,A,SMP:low-end,4043,12050,0.335519,0.0,0.0
Year,2022-01-01,China,A,SMP:mid-end,5748,17164,0.334887,0.0,0.0
Year,2022-01-01,China,G,SMP,1909,48990,0.038967,0.0,0.0
Year,2022-01-01,China,G,SMP:high-end,1447,37115,0.038987,0.0,0.0
Year,2022-01-01,China,G,SMP:low-end,496,12050,0.041162,0.0,0.0
Year,2022-01-01,China,G,SMP:mid-end,649,17164,0.037812,0.0,0.0
Year,2022-01-01,China,H,SMP,7104,48990,0.145009,0.0,0.0
Year,2022-01-01,China,H,SMP:high-end,5371,37115,0.144712,0.0,0.0
Year,2022-01-01,China,H,SMP:low-end,1725,12050,0.143154,0.0,0.0
Year,2022-01-01,China,H,SMP:mid-end,2508,17164,0.146120,0.0,0.0
Year,2022-01-01,China,O,SMP,6314,48990,0.128883,0.0,0.0
Year,2022-01-01,China,O,SMP:high-end,4811,37115,0.129624,0.0,0.0
Year,2022-01-01,China,O,SMP:low-end,1566,12050,0.129959,0.0,0.0
Year,2022-01-01,China,O,SMP:mid-end,2215,17164,0.129049,0.0,0.0
Year,2022-01-01,China,S,SMP,10585,48990,0.216065,0.0,0.0
Year,2022-01-01,China,S,SMP:high-end,8010,37115,0.215816,0.0,0.0
Year,2022-01-01,China,S,SMP:low-end,2619,12050,0.217344,0.0,0.0
Year,2022-01-01,China,S,SMP:mid-end,3700,17164,0.215567,0.0,0.0
Year,2022-01-01,China,X,SMP,6696,48990,0.136681,0.0,0.0
Year,2022-01-01,China,X,SMP:high-end,5067,37115,0.136522,0.0,0.0
Year,2022-01-01,China,X,SMP:low-end,1601,12050,0.132863,0.0,0.0
Year,2022-01-01,China,X,SMP:mid-end,2344,17164,0.136565,0.0,0.0
Year,2022-01-01,France,A,SMP,15452,35008,0.441385,0.0,0.0
Year,2022-01-01,France,A,SMP:high-end,11730,26535,0.442058,0.0,0.0
Year,2022-01-01,France,A,SMP:low-end,3796,8669,0.437882,0.0,0.0
Year,2022-01-01,France,A,SMP:mid-end,5374,12336,0.435636,0.0,0.0
Year,2022-01-01,France,G,SMP,3318,35008,0.094778,0.0,0.0
Year,2022-01-01,France,G,SMP:high-end,2538,26535,0.095647,0.0,0.0
Year,2022-01-01,France,G,SMP:low-end,837,8669,0.096551,0.0,0.0
Year,2022-01-01,France,G,SMP:mid-end,1168,12336,0.094682,0.0,0.0
Year,2022-01-01,France,H,SMP,1743,35008,0.049789,0.0,0.0
Year,2022-01-01,France,H,SMP:high-end,1323,26535,0.049859,0.0,0.0
Year,2022-01-01,France,H,SMP:low-end,429,8669,0.049487,0.0,0.0
Year,2022-01-01,France,H,SMP:mid-end,631,12336,0.051151,0.0,0.0
Year,2022-01-01,France,O,SMP,1521,35008,0.043447,0.0,0.0
Year,2022-01-01,France,O,SMP:high-end,1125,26535,0.042397,0.0,0.0
Year,2022-01-01,France,O,SMP:low-end,366,8669,0.042219,0.0,0.0
Year,2022-01-01,France,O,SMP:mid-end,541,12336,0.043855,0.0,0.0
Year,2022-01-01,France,S,SMP,11044,35008,0.315471,0.0,0.0
Year,2022-01-01,France,S,SMP:high-end,8351,26535,0.314716,0.0,0.0
Year,2022-01-01,France,S,SMP:low-end,2786,8669,0.321375,0.0,0.0
Year,2022-01-01,France,S,SMP:mid-end,3877,12336,0.314283,0.0,0.0
Year,2022-01-01,France,X,SMP,1930,35008,0.055130,0.0,0.0
Year,2022-01-01,France,X,SMP:high-end,1468,26535,0.055323,0.0,0.0
Year,2022-01-01,France,X,SMP:low-end,455,8669,0.052486,0.0,0.0
Year,2022-01-01,France,X,SMP:mid-end,745,12336,0.060392,0.0,0.0
Year,2022-01-01,Germany,A,SMP,15055,34250,0.439562,0.0,0.0
Year,2022-01-01,Germany,A,SMP:high-end,11316,25785,0.438860,0.0,0.0
Year,2022-01-01,Germany,A,SMP:low-end,3791,8745,0.433505,0.0,0.0
Year,2022-01-01,Germany,A,SMP:mid-end,5312,12144,0.437418,0.0,0.0
Year,2022-01-01,Germany,G,SMP,3273,34250,0.095562,0.0,0.0
Year,2022-01-01,Germany,G,SMP:high-end,2475,25785,0.095986,0.0,0.0
Year,2022-01-01,Germany,G,SMP:low-end,839,8745,0.095941,0.0,0.0
Year,2022-01-01,Germany,G,SMP:mid-end,1162,12144,0.095685,0.0,0.0
Year,2022-01-01,Germany,H,SMP,1680,34250,0.049051,0.0,0.0
Year,2022-01-01,Germany,H,SMP:high-end,1242,25785,0.048168,0.0,0.0
Year,2022-01-01,Germany,H,SMP:low-end,462,8745,0.052830,0.0,0.0
Year,2022-01-01,Germany,H,SMP:mid-end,608,12144,0.050066,0.0,0.0
Year,2022-01-01,Germany,O,SMP,1451,34250,0.042365,0.0,0.0
Year,2022-01-01,Germany,O,SMP:high-end,1117,25785,0.043320,0.0,0.0
Year,2022-01-01,Germany,O,SMP:low-end,345,8745,0.039451,0.0,0.0
Year,2022-01-01,Germany,O,SMP:mid-end,511,12144,0.042078,0.0,0.0
Year,2022-01-01,Germany,S,SMP,10901,34250,0.318277,0.0,0.0
Year,2022-01-01,Germany,S,SMP:high-end,8234,25785,0.319333,0.0,0.0
Year,2022-01-01,Germany,S,SMP:low-end,2815,8745,0.321898,0.0,0.0
Year,2022-01-01,Germany,S,SMP:mid-end,3861,12144,0.317935,0.0,0.0
Year,2022-01-01,Germany,X,SMP,1890,34250,0.055182,0.0,0.0
Year,2022-01-01,Germany,X,SMP:high-end,1401,25785,0.054334,0.0,0.0
Year,2022-01-01,Germany,X,SMP:low-end,493,8745,0.056375,0.0,0.0
Year,2022-01-01,Germany,X,SMP:mid-end,690,12144,0.056818,0.0,0.0
Year,2022-01-01,India,A,SMP,10240,23495,0.435837,0.0,0.0
Year,2022-01-01,India,A,SMP:high-end,7757,17790,0.436031,0.0,0.0
Year,2022-01-01,India,A,SMP:low-end,2555,5809,0.439835,0.0,0.0
Year,2022-01-01,India,A,SMP:mid-end,3556,8290,0.428951,0.0,0.0
Year,2022-01-01,India,G,SMP,2289,23495,0.097425,0.0,0.0
Year,2022-01-01,India,G,SMP:high-end,1713,17790,0.096290,0.0,0.0
Year,2022-01-01,India,G,SMP:low-end,551,5809,0.094853,0.0,0.0
Year,2022-01-01,India,G,SMP:mid-end,843,8290,0.101689,0.0,0.0
Year,2022-01-01,India,H,SMP,1130,23495,0.048095,0.0,0.0
Year,2022-01-01,India,H,SMP:high-end,874,17790,0.049129,0.0,0.0
Year,2022-01-01,India,H,SMP:low-end,290,5809,0.049923,0.0,0.0
Year,2022-01-01,India,H,SMP:mid-end,383,8290,0.046200,0.0,0.0
Year,2022-01-01,India,O,SMP,1015,23495,0.043201,0.0,0.0
Year,2022-01-01,India,O,SMP:high-end,779,17790,0.043789,0.0,0.0
Year,2022-01-01,India,O,SMP:low-end,248,5809,0.042692,0.0,0.0
Year,2022-01-01,India,O,SMP:mid-end,332,8290,0.040048,0.0,0.0
Year,2022-01-01,India,S,SMP,7547,23495,0.321217,0.0,0.0
Year,2022-01-01,India,S,SMP:high-end,5700,17790,0.320405,0.0,0.0
Year,2022-01-01,India,S,SMP:low-end,1850,5809,0.318471,0.0,0.0
Year,2022-01-01,India,S,SMP:mid-end,2713,8290,0.327262,0.0,0.0
Year,2022-01-01,India,X,SMP,1274,23495,0.054224,0.0,0.0
Year,2022-01-01,India,X,SMP:high-end,967,17790,0.054356,0.0,0.0
Year,2022-01-01,India,X,SMP:low-end,315,5809,0.054226,0.0,0.0
Year,2022-01-01,India,X,SMP:mid-end,463,8290,0.055850,0.0,0.0
Year,2022-01-01,Indonesia,A,SMP,3098,7040,0.440057,0.0,0.0
Year,2022-01-01,Indonesia,A,SMP:high-end,2359,5342,0.441595,0.0,0.0
Year,2022-01-01,Indonesia,A,SMP:low-end,795,1766,0.450170,0.0,0.0
Year,2022-01-01,Indonesia,A,SMP:mid-end,1065,2481,0.429262,0.0,0.0
Year,2022-01-01,Indonesia,G,SMP,660,7040,0.093750,0.0,0.0
Year,2022-01-01,Indonesia,G,SMP:high-end,489,5342,0.091539,0.0,0.0
Year,2022-01-01,Indonesia,G,SMP:low-end,160,1766,0.090600,0.0,0.0
Year,2022-01-01,Indonesia,G,SMP:mid-end,248,2481,0.099960,0.0,0.0
Year,2022-01-01,Indonesia,H,SMP,357,7040,0.050710,0.0,0.0
Year,2022-01-01,Indonesia,H,SMP:high-end,264,5342,0.049420,0.0,0.0
Year,2022-01-01,Indonesia,H,SMP:low-end,83,1766,0.046999,0.0,0.0
Year,2022-01-01,Indonesia,H,SMP:mid-end,131,2481,0.052801,0.0,0.0
Year,2022-01-01,Indonesia,O,SMP,288,7040,0.040909,0.0,0.0
Year,2022-01-01,Indonesia,O,SMP:high-end,235,5342,0.043991,0.0,0.0
Year,2022-01-01,Indonesia,O,SMP:low-end,70,1766,0.039638,0.0,0.0
Year,2022-01-01,Indonesia,O,SMP:mid-end,105,2481,0.042322,0.0,0.0
Year,2022-01-01,Indonesia,S,SMP,2246,7040,0.319034,0.0,0.0
Year,2022-01-01,Indonesia,S,SMP:high-end,1702,5342,0.318607,0.0,0.0
Year,2022-01-01,Indonesia,S,SMP:low-end,557,1766,0.315402,0.0,0.0
Year,2022-01-01,Indonesia,S,SMP:mid-end,790,2481,0.318420,0.0,0.0
Year,2022-01-01,Indonesia,X,SMP,391,7040,0.055540,0.0,0.0
Year,2022-01-01,Indonesia,X,SMP:high-end,293,5342,0.054848,0.0,0.0
Year,2022-01-01,Indonesia,X,SMP:low-end,101,1766,0.057191,0.0,0.0
Year,2022-01-01,Indonesia,X,SMP:mid-end,142,2481,0.057235,0.0,0.0
Year,2022-01-01,Italy,A,SMP,10342,23693,0.436500,0.0,0.0
Year,2022-01-01,Italy,A,SMP:high-end,7775,17931,0.433607,0.0,0.0
Year,2022-01-01,Italy,A,SMP:low-end,2561,5890,0.434805,0.0,0.0
Year,2022-01-01,Italy,A,SMP:mid-end,3657,8431,0.433756,0.0,0.0
Year,2022-01-01,Italy,G,SMP,2288,23693,0.096569,0.0,0.0
Year,2022-01-01,Italy,G,SMP:high-end,1727,17931,0.096314,0.0,0.0
Year,2022-01-01,Italy,G,SMP:low-end,578,5890,0.098132,0.0,0.0
Year,2022-01-01,Italy,G,SMP:mid-end,815,8431,0.096667,0.0,0.0
Year,2022-01-01,Italy,H,SMP,1180,23693,0.049804,0.0,0.0
Year,2022-01-01,Italy,H,SMP:high-end,887,17931,0.049467,0.0,0.0
Year,2022-01-01,Italy,H,SMP:low-end,277,5890,0.047029,0.0,0.0
Year,2022-01-01,Italy,H,SMP:mid-end,435,8431,0.051595,0.0,0.0
Year,2022-01-01,Italy,O,SMP,1048,23693,0.044232,0.0,0.0
Year,2022-01-01,Italy,O,SMP:high-end,807,17931,0.045006,0.0,0.0
Year,2022-01-01,Italy,O,SMP:low-end,250,5890,0.042445,0.0,0.0
Year,2022-01-01,Italy,O,SMP:mid-end,370,8431,0.043886,0.0,0.0
Year,2022-01-01,Italy,S,SMP,7492,23693,0.316212,0.0,0.0
Year,2022-01-01,Italy,S,SMP:high-end,5709,17931,0.318387,0.0,0.0
Year,2022-01-01,Italy,S,SMP:low-end,1892,5890,0.321222,0.0,0.0
Year,2022-01-01,Italy,S,SMP:mid-end,2662,8431,0.315740,0.0,0.0
Year,2022-01-01,Italy,X,SMP,1343,23693,0.056683,0.0,0.0
Year,2022-01-01,Italy,X,SMP:high-end,1026,17931,0.057219,0.0,0.0
Year,2022-01-01,Italy,X,SMP:low-end,332,5890,0.056367,0.0,0.0
Year,2022-01-01,Italy,X,SMP:mid-end,492,8431,0.058356,0.0,0.0
Year,2022-01-01,Japan,A,SMP,15093,34768,0.434106,0.0,0.0
Year,2022-01-01,Japan,A,SMP:high-end,11414,26291,0.434141,0.0,0.0
Year,2022-01-01,Japan,A,SMP:low-end,3760,8606,0.436904,0.0,0.0
Year,2022-01-01,Japan,A,SMP:mid-end,5292,12278,0.431015,0.0,0.0
Year,2022-01-01,Japan,G,SMP,3335,34768,0.095922,0.0,0.0
Year,2022-01-01,Japan,G,SMP:high-end,2475,26291,0.094139,0.0,0.0
Year,2022-01-01,Japan,G,SMP:low-end,805,8606,0.093539,0.0,0.0
Year,2022-01-01,Japan,G,SMP:mid-end,1200,12278,0.097736,0.0,0.0
Year,2022-01-01,Japan,H,SMP,1763,34768,0.050708,0.0,0.0
Year,2022-01-01,Japan,H,SMP:high-end,1334,26291,0.050740,0.0,0.0
Year,2022-01-01,Japan,H,SMP:low-end,427,8606,0.049617,0.0,0.0
Year,2022-01-01,Japan,H,SMP:mid-end,639,12278,0.052044,0.0,0.0
Year,2022-01-01,Japan,O,SMP,1419,34768,0.040813,0.0,0.0
Year,2022-01-01,Japan,O,SMP:high-end,1096,26291,0.041687,0.0,0.0
Year,2022-01-01,Japan,O,SMP:low-end,361,8606,0.041947,0.0,0.0
Year,2022-01-01,Japan,O,SMP:mid-end,466,12278,0.037954,0.0,0.0
Year,2022-01-01,Japan,S,SMP,11138,34768,0.320352,0.0,0.0
Year,2022-01-01,Japan,S,SMP:high-end,8439,26291,0.320984,0.0,0.0
Year,2022-01-01,Japan,S,SMP:low-end,2707,8606,0.314548,0.0,0.0
Year,2022-01-01,Japan,S,SMP:mid-end,3956,12278,0.322202,0.0,0.0
Year,2022-01-01,Japan,X,SMP,2020,34768,0.058099,0.0,0.0
Year,2022-01-01,Japan,X,SMP:high-end,1533,26291,0.058309,0.0,0.0
Year,2022-01-01,Japan,X,SMP:low-end,546,8606,0.063444,0.0,0.0
Year,2022-01-01,Japan,X,SMP:mid-end,725,12278,0.059049,0.0,0.0
Year,2022-01-01,"Korea, Rep.",A,SMP,14436,33977,0.424876,0.0,0.0
Year,2022-01-01,"Korea, Rep.",A,SMP:high-end,10907,25565,0.426638,0.0,0.0
Year,2022-01-01,"Korea, Rep.",A,SMP:low-end,3505,8244,0.425158,0.0,0.0
Year,2022-01-01,"Korea, Rep.",A,SMP:mid-end,5059,12035,0.420357,0.0,0.0
Year,2022-01-01,"Korea, Rep.",G,SMP,2236,33977,0.065809,0.0,0.0
Year,2022-01-01,"Korea, Rep.",G,SMP:high-end,1694,25565,0.066262,0.0,0.0
Year,2022-01-01,"Korea, Rep.",G,SMP:low-end,546,8244,0.066230,0.0,0.0
Year,2022-01-01,"Korea, Rep.",G,SMP:mid-end,777,12035,0.064562,0.0,0.0
Year,2022-01-01,"Korea, Rep.",H,SMP,766,33977,0.022545,0.0,0.0
Year,2022-01-01,"Korea, Rep.",H,SMP:high-end,572,25565,0.022374,0.0,0.0
Year,2022-01-01,"Korea, Rep.",H,SMP:low-end,185,8244,0.022441,0.0,0.0
Year,2022-01-01,"Korea, Rep.",H,SMP:mid-end,241,12035,0.020025,0.0,0.0
Year,2022-01-01,"Korea, Rep.",O,SMP,501,33977,0.014745,0.0,0.0
Year,2022-01-01,"Korea, Rep.",O,SMP:high-end,378,25565,0.014786,0.0,0.0
Year,2022-01-01,"Korea, Rep.",O,SMP:low-end,121,8244,0.014677,0.0,0.0
Year,2022-01-01,"Korea, Rep.",O,SMP:mid-end,176,12035,0.014624,0.0,0.0
Year,2022-01-01,"Korea, Rep.",S,SMP,15267,33977,0.449333,0.0,0.0
Year,2022-01-01,"Korea, Rep.",S,SMP:high-end,11448,25565,0.447800,0.0,0.0
Year,2022-01-01,"Korea, Rep.",S,SMP:low-end,3692,8244,0.447841,0.0,0.0
Year,2022-01-01,"Korea, Rep.",S,SMP:mid-end,5522,12035,0.458828,0.0,0.0
Year,2022-01-01,"Korea, Rep.",X,SMP,771,33977,0.022692,0.0,0.0
Year,2022-01-01,"Korea, Rep.",X,SMP:high-end,566,25565,0.022140,0.0,0.0
Year,2022-01-01,"Korea, Rep.",X,SMP:low-end,195,8244,0.023654,0.0,0.0
Year,2022-01-01,"Korea, Rep.",X,SMP:mid-end,260,12035,0.021604,0.0,0.0
Year,2022-01-01,Mexico,A,SMP,2925,6858,0.426509,0.0,0.0
Year,2022-01-01,Mexico,A,SMP:high-end,2212,5154,0.429181,0.0,0.0
Year,2022-01-01,Mexico,A,SMP:low-end,760,1771,0.429136,0.0,0.0
Year,2022-01-01,Mexico,A,SMP:mid-end,977,2306,0.423677,0.0,0.0
Year,2022-01-01,Mexico,G,SMP,713,6858,0.103966,0.0,0.0
Year,2022-01-01,Mexico,G,SMP:high-end,527,5154,0.102251,0.0,0.0
Year,2022-01-01,Mexico,G,SMP:low-end,181,1771,0.102202,0.0,0.0
Year,2022-01-01,Mexico,G,SMP:mid-end,247,2306,0.107112,0.0,0.0
Year,2022-01-01,Mexico,H,SMP,355,6858,0.051764,0.0,0.0
Year,2022-01-01,Mexico,H,SMP:high-end,261,5154,0.050640,0.0,0.0
Year,2022-01-01,Mexico,H,SMP:low-end,99,1771,0.055901,0.0,0.0
Year,2022-01-01,Mexico,H,SMP:mid-end,106,2306,0.045967,0.0,0.0
Year,2022-01-01,Mexico,O,SMP,310,6858,0.045203,0.0,0.0
Year,2022-01-01,Mexico,O,SMP:high-end,234,5154,0.045402,0.0,0.0
Year,2022-01-01,Mexico,O,SMP:low-end,77,1771,0.043478,0.0,0.0
Year,2022-01-01,Mexico,O,SMP:mid-end,102,2306,0.044232,0.0,0.0
Year,2022-01-01,Mexico,S,SMP,2191,6858,0.319481,0.0,0.0
Year,2022-01-01,Mexico,S,SMP:high-end,1644,5154,0.318976,0.0,0.0
Year,2022-01-01,Mexico,S,SMP:low-end,583,1771,0.329193,0.0,0.0
Year,2022-01-01,Mexico,S,SMP:mid-end,750,2306,0.325239,0.0,0.0
Year,2022-01-01,Mexico,X,SMP,364,6858,0.053077,0.0,0.0
Year,2022-01-01,Mexico,X,SMP:high-end,276,5154,0.053551,0.0,0.0
Year,2022-01-01,Mexico,X,SMP:low-end,71,1771,0.040090,0.0,0.0
Year,2022-01-01,Mexico,X,SMP:mid-end,124,2306,0.053773,0.0,0.0
Year,2022-01-01,Spain,A,SMP,9967,22657,0.439908,0.0,0.0
Year,2022-01-01,Spain,A,SMP:high-end,7578,17140,0.442124,0.0,0.0
Year,2022-01-01,Spain,A,SMP:low-end,2419,5617,0.430657,0.0,0.0
Year,2022-01-01,Spain,A,SMP:mid-end,3559,8071,0.440961,0.0,0.0
Year,2022-01-01,Spain,G,SMP,2159,22657,0.095291,0.0,0.0
Year,2022-01-01,Spain,G,SMP:high-end,1632,17140,0.095216,0.0,0.0
Year,2022-01-01,Spain,G,SMP:low-end,533,5617,0.094891,0.0,0.0
Year,2022-01-01,Spain,G,SMP:mid-end,760,8071,0.094164,0.0,0.0
Year,2022-01-01,Spain,H,SMP,1097,22657,0.048418,0.0,0.0
Year,2022-01-01,Spain,H,SMP:high-end,824,17140,0.048075,0.0,0.0
Year,2022-01-01,Spain,H,SMP:low-end,277,5617,0.049315,0.0,0.0
Year,2022-01-01,Spain,H,SMP:mid-end,393,8071,0.048693,0.0,0.0
Year,2022-01-01,Spain,O,SMP,929,22657,0.041003,0.0,0.0
Year,2022-01-01,Spain,O,SMP:high-end,709,17140,0.041365,0.0,0.0
Year,2022-01-01,Spain,O,SMP:low-end,241,5617,0.042905,0.0,0.0
Year,2022-01-01,Spain,O,SMP:mid-end,326,8071,0.040392,0.0,0.0
Year,2022-01-01,Spain,S,SMP,7251,22657,0.320034,0.0,0.0
Year,2022-01-01,Spain,S,SMP:high-end,5452,17140,0.318086,0.0,0.0
Year,2022-01-01,Spain,S,SMP:low-end,1809,5617,0.322058,0.0,0.0
Year,2022-01-01,Spain,S,SMP:mid-end,2607,8071,0.323008,0.0,0.0
Year,2022-01-01,Spain,X,SMP,1254,22657,0.055347,0.0,0.0
Year,2022-01-01,Spain,X,SMP:high-end,945,17140,0.055134,0.0,0.0
Year,2022-01-01,Spain,X,SMP:low-end,338,5617,0.060174,0.0,0.0
Year,2022-01-01,Spain,X,SMP:mid-end,426,8071,0.052782,0.0,0.0
Year,2022-01-01,United Kingdom,A,SMP,15358,35050,0.438174,0.0,0.0
Year,2022-01-01,United Kingdom,A,SMP:high-end,11591,26430,0.438555,0.0,0.0
Year,2022-01-01,United Kingdom,A,SMP:low-end,3826,8822,0.433689,0.0,0.0
Year,2022-01-01,United Kingdom,A,SMP:mid-end,5483,12495,0.438816,0.0,0.0
Year,2022-01-01,United Kingdom,G,SMP,3316,35050,0.094608,0.0,0.0
Year,2022-01-01,United Kingdom,G,SMP:high-end,2481,26430,0.093871,0.0,0.0
Year,2022-01-01,United Kingdom,G,SMP:low-end,849,8822,0.096237,0.0,0.0
Year,2022-01-01,United Kingdom,G,SMP:mid-end,1181,12495,0.094518,0.0,0.0
Year,2022-01-01,United Kingdom,H,SMP,1731,35050,0.049387,0.0,0.0
Year,2022-01-01,United Kingdom,H,SMP:high-end,1274,26430,0.048203,0.0,0.0
Year,2022-01-01,United Kingdom,H,SMP:low-end,468,8822,0.053049,0.0,0.0
Year,2022-01-01,United Kingdom,H,SMP:mid-end,604,12495,0.048339,0.0,0.0
Year,2022-01-01,United Kingdom,O,SMP,1469,35050,0.041912,0.0,0.0
Year,2022-01-01,United Kingdom,O,SMP:high-end,1086,26430,0.041090,0.0,0.0
Year,2022-01-01,United Kingdom,O,SMP:low-end,369,8822,0.041827,0.0,0.0
Year,2022-01-01,United Kingdom,O,SMP:mid-end,528,12495,0.042257,0.0,0.0
Year,2022-01-01,United Kingdom,S,SMP,11105,35050,0.316833,0.0,0.0
Year,2022-01-01,United Kingdom,S,SMP:high-end,8456,26430,0.319939,0.0,0.0
Year,2022-01-01,United Kingdom,S,SMP:low-end,2775,8822,0.314555,0.0,0.0
Year,2022-01-01,United Kingdom,S,SMP:mid-end,3968,12495,0.317567,0.0,0.0
Year,2022-01-01,United Kingdom,X,SMP,2071,35050,0.059087,0.0,0.0
Year,2022-01-01,United Kingdom,X,SMP:high-end,1542,26430,0.058343,0.0,0.0
Year,2022-01-01,United Kingdom,X,SMP:low-end,535,8822,0.060644,0.0,0.0
Year,2022-01-01,United Kingdom,X,SMP:mid-end,731,12495,0.058503,0.0,0.0
Year,2022-01-01,United States,A,SMP,32014,73142,0.437697,0.0,0.0
Year,2022-01-01,United States,A,SMP:high-end,24179,55411,0.436357,0.0,0.0
Year,2022-01-01,United States,A,SMP:low-end,7875,18211,0.432431,0.0,0.0
Year,2022-01-01,United States,A,SMP:mid-end,11394,25970,0.438737,0.0,0.0
Year,2022-01-01,United States,G,SMP,7030,73142,0.096114,0.0,0.0
Year,2022-01-01,United States,G,SMP:high-end,5338,55411,0.096335,0.0,0.0
Year,2022-01-01,United States,G,SMP:low-end,1743,18211,0.095711,0.0,0.0
Year,2022-01-01,United States,G,SMP:mid-end,2527,25970,0.097305,0.0,0.0
Year,2022-01-01,United States,H,SMP,3554,73142,0.048590,0.0,0.0
Year,2022-01-01,United States,H,SMP:high-end,2695,55411,0.048637,0.0,0.0
Year,2022-01-01,United States,H,SMP:low-end,933,18211,0.051233,0.0,0.0
Year,2022-01-01,United States,H,SMP:mid-end,1270,25970,0.048903,0.0,0.0
Year,2022-01-01,United States,O,SMP,3075,73142,0.042042,0.0,0.0
Year,2022-01-01,United States,O,SMP:high-end,2345,55411,0.042320,0.0,0.0
Year,2022-01-01,United States,O,SMP:low-end,798,18211,0.043820,0.0,0.0
Year,2022-01-01,United States,O,SMP:mid-end,1058,25970,0.040739,0.0,0.0
Year,2022-01-01,United States,S,SMP,23439,73142,0.320459,0.0,0.0
Year,2022-01-01,United States,S,SMP:high-end,17814,55411,0.321489,0.0,0.0
Year,2022-01-01,United States,S,SMP:low-end,5828,18211,0.320026,0.0,0.0
Year,2022-01-01,United States,S,SMP:mid-end,8271,25970,0.318483,0.0,0.0
Year,2022-01-01,United States,X,SMP,4030,73142,0.055098,0.0,0.0
Year,2022-01-01,United States,X,SMP:high-end,3040,55411,0.054863,0.0,0.0
Year,2022-01-01,United States,X,SMP:low-end,1034,18211,0.056779,0.0,0.0
Year,2022-01-01,United States,X,SMP:mid-end,1450,25970,0.055834,0.0,0.0
Year,2023-01-01,All,A,SMP,181369,427364,0.424390,-0.0205,-0.001083
Year,2023-01-01,All,A,SMP:high-end,137145,323086,0.424485,-0.0199,-0.000793
Year,2023-01-01,All,A,SMP:low-end,44929,106161,0.423216,-0.0168,0.002043
Year,2023-01-01,All,A,SMP:mid-end,64301,151283,0.425038,-0.0162,0.003309
Year,2023-01-01,All,G,SMP,37099,427364,0.086809,-0.0233,-0.003959
Year,2023-01-01,All,G,SMP:high-end,28043,323086,0.086797,-0.0202,-0.001162
Year,2023-01-01,All,G,SMP:low-end,9325,106161,0.087838,-0.0159,0.002969
Year,2023-01-01,All,G,SMP:mid-end,13028,151283,0.086117,-0.0362,-0.01703
Year,2023-01-01,All,H,SMP,24823,427364,0.058084,-0.0172,0.002278
Year,2023-01-01,All,H,SMP:high-end,18761,323086,0.058068,-0.0145,0.004619
Year,2023-01-01,All,H,SMP:low-end,6195,106161,0.058355,-0.0236,-0.004877
Year,2023-01-01,All,H,SMP:mid-end,8786,151283,0.058077,-0.0148,0.004775
Year,2023-01-01,All,O,SMP,21272,427364,0.049775,-0.0207,-0.001324
Year,2023-01-01,All,O,SMP:high-end,16065,323086,0.049724,-0.0282,-0.009265
Year,2023-01-01,All,O,SMP:low-end,5294,106161,0.049868,-0.0191,-0.000221
Year,2023-01-01,All,O,SMP:mid-end,7481,151283,0.049450,-0.0153,0.004285
Year,2023-01-01,All,S,SMP,136065,427364,0.318382,-0.0172,0.002251
Year,2023-01-01,All,S,SMP:high-end,102879,323086,0.318426,-0.0172,0.001957
Year,2023-01-01,All,S,SMP:low-end,33865,106161,0.318997,-0.0174,0.001472
Year,2023-01-01,All,S,SMP:mid-end,48187,151283,0.318522,-0.0197,-0.000242
Year,2023-01-01,All,X,SMP,26736,427364,0.062560,-0.019,0.000416
Year,2023-01-01,All,X,SMP:high-end,20193,323086,0.062500,-0.0189,0.00024
Year,2023-01-01,All,X,SMP:low-end,6553,106161,0.061727,-0.039,-0.020548
Year,2023-01-01,All,X,SMP:mid-end,9500,151283,0.062796,-0.0244,-0.00507
Year,2023-01-01,Australia,A,SMP,4990,11513,0.433423,0.0321,-0.002456
Year,2023-01-01,Australia,A,SMP:high-end,3722,8646,0.430488,0.0231,-0.010752
Year,2023-01-01,Australia,A,SMP:low-end,1300,2933,0.443232,0.1414,0.052238
Year,2023-01-01,Australia,A,SMP:mid-end,1751,4070,0.430221,0.0157,-0.004054
Year,2023-01-01,Australia,G,SMP,1101,11513,0.095631,0.0009,-0.032564
Year,2023-01-01,Australia,G,SMP:high-end,849,8646,0.098196,0.0547,0.019773
Year,2023-01-01,Australia,G,SMP:low-end,278,2933,0.094783,0.0,-0.078085
Year,2023-01-01,Australia,G,SMP:mid-end,388,4070,0.095332,-0.0513,-0.069759
Year,2023-01-01,Australia,H,SMP,561,11513,0.048728,0.0665,0.030888
Year,2023-01-01,Australia,H,SMP:high-end,417,8646,0.048230,0.0425,0.008005
Year,2023-01-01,Australia,H,SMP:low-end,160,2933,0.054552,0.2121,0.11748
Year,2023-01-01,Australia,H,SMP:mid-end,198,4070,0.048649,0.1124,0.090785
Year,2023-01-01,Australia,O,SMP,495,11513,0.042995,0.0399,0.005143
Year,2023-01-01,Australia,O,SMP:high-end,378,8646,0.043720,0.05,0.01528
Year,2023-01-01,Australia,O,SMP:low-end,117,2933,0.039891,0.0734,-0.010419
Year,2023-01-01,Australia,O,SMP:mid-end,178,4070,0.043735,0.0409,0.020749
Year,2023-01-01,Australia,S,SMP,3712,11513,0.322418,0.0439,0.008962
Year,2023-01-01,Australia,S,SMP:high-end,2791,8646,0.322808,0.0457,0.01112
Year,2023-01-01,Australia,S,SMP:low-end,914,2933,0.311626,0.0156,-0.063736
Year,2023-01-01,Australia,S,SMP:mid-end,1331,4070,0.327027,0.0326,0.01254
Year,2023-01-01,Australia,X,SMP,654,11513,0.056805,0.0299,-0.004521
Year,2023-01-01,Australia,X,SMP:high-end,489,8646,0.056558,0.002,-0.031093
Year,2023-01-01,Australia,X,SMP:low-end,164,2933,0.055915,0.1233,0.035578
Year,2023-01-01,Australia,X,SMP:mid-end,224,4070,0.055037,0.0182,-0.001578
Year,2023-01-01,Brazil,A,SMP,10050,22816,0.440480,0.0143,0.005529
Year,2023-01-01,Brazil,A,SMP:high-end,7601,17306,0.439212,0.0106,-0.000517
Year,2023-01-01,Brazil,A,SMP:low-end,2497,5698,0.438224,0.0703,0.015635
Year,2023-01-01,Brazil,A,SMP:mid-end,3562,8096,0.439970,0.0071,-0.00077
Year,2023-01-01,Brazil,G,SMP,2248,22816,0.098527,0.0085,-0.000233
Year,2023-01-01,Brazil,G,SMP:high-end,1710,17306,0.098810,0.0118,0.000668
Year,2023-01-01,Brazil,G,SMP:low-end,574,5698,0.100737,0.0513,-0.002406
Year,2023-01-01,Brazil,G,SMP:mid-end,787,8096,0.097208,0.0064,-0.001438
Year,2023-01-01,Brazil,H,SMP,1086,22816,0.047598,-0.0372,-0.045597
Year,2023-01-01,Brazil,H,SMP:high-end,801,17306,0.046285,-0.0697,-0.079949
Year,2023-01-01,Brazil,H,SMP:low-end,268,5698,0.047034,0.0075,-0.043927
Year,2023-01-01,Brazil,H,SMP:mid-end,387,8096,0.047801,-0.0373,-0.044821
Year,2023-01-01,Brazil,O,SMP,980,22816,0.042952,0.0515,0.042372
Year,2023-01-01,Brazil,O,SMP:high-end,745,17306,0.043049,0.0643,0.052543
Year,2023-01-01,Brazil,O,SMP:low-end,264,5698,0.046332,0.2571,0.192925
Year,2023-01-01,Brazil,O,SMP:mid-end,332,8096,0.041008,-0.0292,-0.036783
Year,2023-01-01,Brazil,S,SMP,7165,22816,0.314034,-0.0017,-0.010337
Year,2023-01-01,Brazil,S,SMP:high-end,5457,17306,0.315324,0.0106,-0.000599
Year,2023-01-01,Brazil,S,SMP:low-end,1784,5698,0.313092,0.0154,-0.036489
Year,2023-01-01,Brazil,S,SMP:mid-end,2579,8096,0.318552,0.0308,0.022754
Year,2023-01-01,Brazil,X,SMP,1287,22816,0.056408,0.0346,0.0256
Year,2023-01-01,Brazil,X,SMP:high-end,992,17306,0.057321,0.052,0.040346
Year,2023-01-01,Brazil,X,SMP:low-end,311,5698,0.054581,0.0542,0.000403
Year,2023-01-01,Brazil,X,SMP:mid-end,449,8096,0.055459,-0.0406,-0.048078
Year,2023-01-01,Canada,A,SMP,10171,23191,0.438575,0.0115,0.009748
Year,2023-01-01,Canada,A,SMP:high-end,7674,17621,0.435503,0.0179,0.00566
Year,2023-01-01,Canada,A,SMP:low-end,2571,5781,0.444733,0.0118,0.030885
Year,2023-01-01,Canada,A,SMP:mid-end,3577,8136,0.439651,-0.0132,0.002161
Year,2023-01-01,Canada,G,SMP,2185,23191,0.094218,0.0263,0.024498
Year,2023-01-01,Canada,G,SMP:high-end,1656,17621,0.093979,0.0409,0.028329
Year,2023-01-01,Canada,G,SMP:low-end,551,5781,0.095312,0.0318,0.051289
Year,2023-01-01,Canada,G,SMP:mid-end,776,8136,0.095379,0.036,0.052226
Year,2023-01-01,Canada,H,SMP,1162,23191,0.050106,0.0166,0.014826
Year,2023-01-01,Canada,H,SMP:high-end,890,17621,0.050508,0.0397,0.027212
Year,2023-01-01,Canada,H,SMP:low-end,267,5781,0.046186,-0.0856,-0.06838
Year,2023-01-01,Canada,H,SMP:mid-end,409,8136,0.050270,0.0514,0.067825
Year,2023-01-01,Canada,O,SMP,1068,23191,0.046052,0.0965,0.094574
Year,2023-01-01,Canada,O,SMP:high-end,799,17621,0.045344,0.0668,0.053923
Year,2023-01-01,Canada,O,SMP:low-end,257,5781,0.044456,-0.0338,-0.015611
Year,2023-01-01,Canada,O,SMP:mid-end,387,8136,0.047566,0.0932,0.110266
Year,2023-01-01,Canada,S,SMP,7347,23191,0.316804,-0.0214,-0.023175
Year,2023-01-01,Canada,S,SMP:high-end,5651,17621,0.320697,0.0005,-0.011506
Year,2023-01-01,Canada,S,SMP:low-end,1841,5781,0.318457,-0.0285,-0.010179
Year,2023-01-01,Canada,S,SMP:mid-end,2524,8136,0.310226,-0.061,-0.046356
Year,2023-01-01,Canada,X,SMP,1258,23191,0.054245,-0.0619,-0.063563
Year,2023-01-01,Canada,X,SMP:high-end,951,17621,0.053970,-0.0731,-0.084245
Year,2023-01-01,Canada,X,SMP:low-end,294,5781,0.050856,-0.1878,-0.172535
Year,2023-01-01,Canada,X,SMP:mid-end,463,8136,0.056908,0.0109,0.026701
Year,2023-01-01,China,A,SMP,15818,47795,0.330955,-0.0344,-0.010287
Year,2023-01-01,China,A,SMP:high-end,12005,36159,0.332006,-0.0326,-0.006978
Year,2023-01-01,China,A,SMP:low-end,3870,11907,0.325019,-0.0428,-0.031295
Year,2023-01-01,China,A,SMP:mid-end,5585,16862,0.331218,-0.0284,-0.010956
Year,2023-01-01,China,G,SMP,1826,47795,0.038205,-0.0435,-0.019555
Year,2023-01-01,China,G,SMP:high-end,1391,36159,0.038469,-0.0387,-0.013286
Year,2023-01-01,China,G,SMP:low-end,441,11907,0.037037,-0.1109,-0.100214
Year,2023-01-01,China,G,SMP:mid-end,646,16862,0.038311,-0.0046,0.013197
Year,2023-01-01,China,H,SMP,7008,47795,0.146626,-0.0135,0.011151
Year,2023-01-01,China,H,SMP:high-end,5229,36159,0.144611,-0.0264,-0.000698
Year,2023-01-01,China,H,SMP:low-end,1760,11907,0.147812,0.0203,0.032538
Year,2023-01-01,China,H,SMP:mid-end,2516,16862,0.149211,0.0032,0.021154
Year,2023-01-01,China,O,SMP,6039,47795,0.126352,-0.0436,-0.019638
Year,2023-01-01,China,O,SMP:high-end,4612,36159,0.127548,-0.0414,-0.016016
Year,2023-01-01,China,O,SMP:low-end,1536,11907,0.129000,-0.0192,-0.007379
Year,2023-01-01,China,O,SMP:mid-end,2073,16862,0.122939,-0.0641,-0.047346
Year,2023-01-01,China,S,SMP,10374,47795,0.217052,-0.0199,0.004568
Year,2023-01-01,China,S,SMP:high-end,7799,36159,0.215686,-0.0263,-0.000602
Year,2023-01-01,China,S,SMP:low-end,2638,11907,0.221550,0.0073,0.019352
Year,2023-01-01,China,S,SMP:mid-end,3662,16862,0.217175,-0.0103,0.007459
Year,2023-01-01,China,X,SMP,6730,47795,0.140810,0.0051,0.030209
Year,2023-01-01,China,X,SMP:high-end,5123,36159,0.141680,0.0111,0.037781
Year,2023-01-01,China,X,SMP:low-end,1662,11907,0.139582,0.0381,0.050571
Year,2023-01-01,China,X,SMP:mid-end,2380,16862,0.141146,0.0154,0.033544
Year,2023-01-01,France,A,SMP,15355,35159,0.436730,-0.0063,-0.010546
Year,2023-01-01,France,A,SMP:high-end,11588,26502,0.437250,-0.0121,-0.010876
Year,2023-01-01,France,A,SMP:low-end,3892,8865,0.439030,0.0253,0.002622
Year,2023-01-01,France,A,SMP:mid-end,5416,12519,0.432622,0.0078,-0.006919
Year,2023-01-01,France,G,SMP,3396,35159,0.096590,0.0235,0.019118
Year,2023-01-01,France,G,SMP:high-end,2588,26502,0.097653,0.0197,0.020973
Year,2023-01-01,France,G,SMP:low-end,851,8865,0.095995,0.0167,-0.005759
Year,2023-01-01,France,G,SMP:mid-end,1214,12519,0.096973,0.0394,0.024197
Year,2023-01-01,France,H,SMP,1769,35159,0.050314,0.0149,0.010544
Year,2023-01-01,France,H,SMP:high-end,1349,26502,0.050902,0.0197,0.020919
Year,2023-01-01,France,H,SMP:low-end,450,8865,0.050761,0.049,0.025744
Year,2023-01-01,France,H,SMP:mid-end,646,12519,0.051602,0.0238,0.008817
Year,2023-01-01,France,O,SMP,1458,35159,0.041469,-0.0414,-0.045527
Year,2023-01-01,France,O,SMP:high-end,1081,26502,0.040789,-0.0391,-0.037927
Year,2023-01-01,France,O,SMP:low-end,379,8865,0.042752,0.0355,0.012625
Year,2023-01-01,France,O,SMP:mid-end,541,12519,0.043214,0.0,-0.014616
Year,2023-01-01,France,S,SMP,11181,35159,0.318012,0.0124,0.008055
Year,2023-01-01,France,S,SMP:high-end,8416,26502,0.317561,0.0078,0.00904
Year,2023-01-01,France,S,SMP:low-end,2799,8865,0.315736,0.0047,-0.017546
Year,2023-01-01,France,S,SMP:mid-end,3965,12519,0.316719,0.0227,0.007751
Year,2023-01-01,France,X,SMP,2000,35159,0.056884,0.0363,0.031816
Year,2023-01-01,France,X,SMP:high-end,1480,26502,0.055845,0.0082,0.009435
Year,2023-01-01,France,X,SMP:low-end,494,8865,0.055725,0.0857,0.061712
Year,2023-01-01,France,X,SMP:mid-end,737,12519,0.058871,-0.0107,-0.025185
Year,2023-01-01,Germany,A,SMP,15204,34699,0.438168,0.0099,-0.003171
Year,2023-01-01,Germany,A,SMP:high-end,11403,25993,0.438695,0.0077,-0.000376
Year,2023-01-01,Germany,A,SMP:low-end,3848,8726,0.440981,0.015,0.017245
Year,2023-01-01,Germany,A,SMP:mid-end,5372,12235,0.439068,0.0113,0.003772
Year,2023-01-01,Germany,G,SMP,3342,34699,0.096314,0.0211,0.007869
Year,2023-01-01,Germany,G,SMP:high-end,2480,25993,0.095410,0.002,-0.006001
Year,2023-01-01,Germany,G,SMP:low-end,843,8726,0.096608,0.0048,0.006952
Year,2023-01-01,Germany,G,SMP:mid-end,1185,12235,0.096853,0.0198,0.012207
Year,2023-01-01,Germany,H,SMP,1704,34699,0.049108,0.0143,0.001162
Year,2023-01-01,Germany,H,SMP:high-end,1248,25993,0.048013,0.0048,-0.003218
Year,2023-01-01,Germany,H,SMP:low-end,431,8726,0.049393,-0.0671,-0.065058
Year,2023-01-01,Germany,H,SMP:mid-end,626,12235,0.051165,0.0296,0.021951
Year,2023-01-01,Germany,O,SMP,1452,34699,0.041846,0.0007,-0.012251
Year,2023-01-01,Germany,O,SMP:high-end,1071,25993,0.041203,-0.0412,-0.048869
Year,2023-01-01,Germany,O,SMP:low-end,352,8726,0.040339,0.0203,0.022509
Year,2023-01-01,Germany,O,SMP:mid-end,526,12235,0.042991,0.0294,0.021698
Year,2023-01-01,Germany,S,SMP,11117,34699,0.320384,0.0198,0.00662
Year,2023-01-01,Germany,S,SMP:high-end,8375,25993,0.322202,0.0171,0.008984
Year,2023-01-01,Germany,S,SMP:low-end,2815,8726,0.322599,0.0,0.002178
Year,2023-01-01,Germany,S,SMP:mid-end,3875,12235,0.316714,0.0036,-0.00384
Year,2023-01-01,Germany,X,SMP,1880,34699,0.054180,-0.0053,-0.018158
Year,2023-01-01,Germany,X,SMP:high-end,1416,25993,0.054476,0.0107,0.002613
Year,2023-01-01,Germany,X,SMP:low-end,437,8726,0.050080,-0.1136,-0.111663
Year,2023-01-01,Germany,X,SMP:mid-end,651,12235,0.053208,-0.0565,-0.063536
Year,2023-01-01,India,A,SMP,10159,23025,0.441216,-0.0079,0.012342
Year,2023-01-01,India,A,SMP:high-end,7682,17385,0.441875,-0.0097,0.013403
Year,2023-01-01,India,A,SMP:low-end,2532,5717,0.442890,-0.009,0.006946
Year,2023-01-01,India,A,SMP:mid-end,3638,8237,0.441666,0.0231,0.029642
Year,2023-01-01,India,G,SMP,2129,23025,0.092465,-0.0699,-0.050911
Year,2023-01-01,India,G,SMP:high-end,1619,17385,0.093126,-0.0549,-0.032859
Year,2023-01-01,India,G,SMP:low-end,522,5717,0.091307,-0.0526,-0.037384
Year,2023-01-01,India,G,SMP:mid-end,730,8237,0.088624,-0.134,-0.12848
Year,2023-01-01,India,H,SMP,1128,23025,0.048990,-0.0018,0.018609
Year,2023-01-01,India,H,SMP:high-end,861,17385,0.049525,-0.0149,0.00806
Year,2023-01-01,India,H,SMP:low-end,275,5717,0.048102,-0.0517,-0.036476
Year,2023-01-01,India,H,SMP:mid-end,411,8237,0.049897,0.0731,0.080022
Year,2023-01-01,India,O,SMP,939,23025,0.040782,-0.0749,-0.055994
Year,2023-01-01,India,O,SMP:high-end,714,17385,0.041070,-0.0834,-0.062093
Year,2023-01-01,India,O,SMP:low-end,229,5717,0.040056,-0.0766,-0.061745
Year,2023-01-01,India,O,SMP:mid-end,315,8237,0.038242,-0.0512,-0.045096
Year,2023-01-01,India,S,SMP,7325,23025,0.318132,-0.0294,-0.009604
Year,2023-01-01,India,S,SMP:high-end,5506,17385,0.316710,-0.034,-0.011532
Year,2023-01-01,India,S,SMP:low-end,1838,5717,0.321497,-0.0065,0.009502
Year,2023-01-01,India,S,SMP:mid-end,2661,8237,0.323055,-0.0192,-0.012855
Year,2023-01-01,India,X,SMP,1345,23025,0.058415,0.0557,0.07729
Year,2023-01-01,India,X,SMP:high-end,1003,17385,0.057693,0.0372,0.061392
Year,2023-01-01,India,X,SMP:low-end,321,5717,0.056148,0.019,0.035444
Year,2023-01-01,India,X,SMP:mid-end,482,8237,0.058516,0.041,0.047735
Year,2023-01-01,Indonesia,A,SMP,2996,6908,0.433700,-0.0329,-0.014446
Year,2023-01-01,Indonesia,A,SMP:high-end,2234,5181,0.431191,-0.053,-0.02356
Year,2023-01-01,Indonesia,A,SMP:low-end,725,1720,0.421512,-0.0881,-0.06366
Year,2023-01-01,Indonesia,A,SMP:mid-end,1082,2478,0.436642,0.016,0.017192
Year,2023-01-01,Indonesia,G,SMP,636,6908,0.092067,-0.0364,-0.017952
Year,2023-01-01,Indonesia,G,SMP:high-end,498,5181,0.096120,0.0184,0.050044
Year,2023-01-01,Indonesia,G,SMP:low-end,166,1720,0.096512,0.0375,0.065254
Year,2023-01-01,Indonesia,G,SMP:mid-end,220,2478,0.088781,-0.1129,-0.111835
Year,2023-01-01,Indonesia,H,SMP,368,6908,0.053272,0.0308,0.050523
Year,2023-01-01,Indonesia,H,SMP:high-end,287,5181,0.055395,0.0871,0.120902
Year,2023-01-01,Indonesia,H,SMP:low-end,91,1720,0.052907,0.0964,0.125705
Year,2023-01-01,Indonesia,H,SMP:mid-end,123,2478,0.049637,-0.0611,-0.059923
Year,2023-01-01,Indonesia,O,SMP,302,6908,0.043717,0.0486,0.06864
Year,2023-01-01,Indonesia,O,SMP:high-end,234,5181,0.045165,-0.0043,0.026687
Year,2023-01-01,Indonesia,O,SMP:low-end,72,1720,0.041860,0.0286,0.056057
Year,2023-01-01,Indonesia,O,SMP:mid-end,103,2478,0.041566,-0.019,-0.017863
Year,2023-01-01,Indonesia,S,SMP,2238,6908,0.323972,-0.0036,0.015478
Year,2023-01-01,Indonesia,S,SMP:high-end,1651,5181,0.318664,-0.03,0.000179
Year,2023-01-01,Indonesia,S,SMP:low-end,566,1720,0.329070,0.0162,0.043335
Year,2023-01-01,Indonesia,S,SMP:mid-end,819,2478,0.330508,0.0367,0.037962
Year,2023-01-01,Indonesia,X,SMP,368,6908,0.053272,-0.0588,-0.040835
Year,2023-01-01,Indonesia,X,SMP:high-end,277,5181,0.053465,-0.0546,-0.025215
Year,2023-01-01,Indonesia,X,SMP:low-end,100,1720,0.058140,-0.0099,0.016594
Year,2023-01-01,Indonesia,X,SMP:mid-end,131,2478,0.052865,-0.0775,-0.076352
Year,2023-01-01,Italy,A,SMP,10141,23228,0.436585,-0.0194,0.000195
Year,2023-01-01,Italy,A,SMP:high-end,7710,17556,0.439166,-0.0084,0.01282
Year,2023-01-01,Italy,A,SMP:low-end,2454,5800,0.423103,-0.0418,-0.026913
Year,2023-01-01,Italy,A,SMP:mid-end,3667,8360,0.438636,0.0027,0.011251
Year,2023-01-01,Italy,G,SMP,2181,23228,0.093895,-0.0468,-0.02769
Year,2023-01-01,Italy,G,SMP:high-end,1642,17556,0.093529,-0.0492,-0.028916
Year,2023-01-01,Italy,G,SMP:low-end,530,5800,0.091379,-0.083,-0.068815
Year,2023-01-01,Italy,G,SMP:mid-end,769,8360,0.091986,-0.0564,-0.048424
Year,2023-01-01,Italy,H,SMP,1171,23228,0.050413,-0.0076,0.012228
Year,2023-01-01,Italy,H,SMP:high-end,877,17556,0.049954,-0.0113,0.009845
Year,2023-01-01,Italy,H,SMP:low-end,309,5800,0.053276,0.1155,0.132833
Year,2023-01-01,Italy,H,SMP:mid-end,431,8360,0.051555,-0.0092,-0.000775
Year,2023-01-01,Italy,O,SMP,965,23228,0.041545,-0.0792,-0.060748
Year,2023-01-01,Italy,O,SMP:high-end,749,17556,0.042663,-0.0719,-0.05206
Year,2023-01-01,Italy,O,SMP:low-end,256,5800,0.044138,0.024,0.039887
Year,2023-01-01,Italy,O,SMP:mid-end,324,8360,0.038756,-0.1243,-0.116894
Year,2023-01-01,Italy,S,SMP,7421,23228,0.319485,-0.0095,0.010351
Year,2023-01-01,Italy,S,SMP:high-end,5548,17556,0.316017,-0.0282,-0.007444
Year,2023-01-01,Italy,S,SMP:low-end,1895,5800,0.326724,0.0016,0.017128
Year,2023-01-01,Italy,S,SMP:mid-end,2701,8360,0.323086,0.0147,0.023266
Year,2023-01-01,Italy,X,SMP,1349,23228,0.058076,0.0045,0.024575
Year,2023-01-01,Italy,X,SMP:high-end,1030,17556,0.058669,0.0039,0.025341
Year,2023-01-01,Italy,X,SMP:low-end,356,5800,0.061379,0.0723,0.088917
Year,2023-01-01,Italy,X,SMP:mid-end,468,8360,0.055981,-0.0488,-0.040698
Year,2023-01-01,Japan,A,SMP,14920,34229,0.435888,-0.0115,0.004105
Year,2023-01-01,Japan,A,SMP:high-end,11314,25743,0.439498,-0.0088,0.012339
Year,2023-01-01,Japan,A,SMP:low-end,3765,8530,0.441383,0.0013,0.010252
Year,2023-01-01,Japan,A,SMP:mid-end,5190,12029,0.431457,-0.0193,0.001025
Year,2023-01-01,Japan,G,SMP,3302,34229,0.096468,-0.0099,0.005692
Year,2023-01-01,Japan,G,SMP:high-end,2459,25743,0.095521,-0.0065,0.01468
Year,2023-01-01,Japan,G,SMP:low-end,829,8530,0.097186,0.0298,0.038989
Year,2023-01-01,Japan,G,SMP:mid-end,1143,12029,0.095020,-0.0475,-0.027789
Year,2023-01-01,Japan,H,SMP,1594,34229,0.046569,-0.0959,-0.081624
Year,2023-01-01,Japan,H,SMP:high-end,1197,25743,0.046498,-0.1027,-0.083603
Year,2023-01-01,Japan,H,SMP:low-end,395,8530,0.046307,-0.0749,-0.066711
Year,2023-01-01,Japan,H,SMP:mid-end,558,12029,0.046388,-0.1268,-0.108677
Year,2023-01-01,Japan,O,SMP,1473,34229,0.043034,0.0381,0.054419
Year,2023-01-01,Japan,O,SMP:high-end,1102,25743,0.042808,0.0055,0.026891
Year,2023-01-01,Japan,O,SMP:low-end,341,8530,0.039977,-0.0554,-0.046964
Year,2023-01-01,Japan,O,SMP:mid-end,531,12029,0.044143,0.1395,0.163066
Year,2023-01-01,Japan,S,SMP,11026,34229,0.322125,-0.0101,0.005535
Year,2023-01-01,Japan,S,SMP:high-end,8231,25743,0.319737,-0.0246,-0.003885
Year,2023-01-01,Japan,S,SMP:low-end,2730,8530,0.320047,0.0085,0.017482
Year,2023-01-01,Japan,S,SMP:mid-end,3905,12029,0.324632,-0.0129,0.007542
Year,2023-01-01,Japan,X,SMP,1914,34229,0.055917,-0.0525,-0.037557
Year,2023-01-01,Japan,X,SMP:high-end,1440,25743,0.055938,-0.0607,-0.040663
Year,2023-01-01,Japan,X,SMP:low-end,470,8530,0.055100,-0.1392,-0.131518
Year,2023-01-01,Japan,X,SMP:mid-end,702,12029,0.058359,-0.0317,-0.011685
Year,2023-01-01,"Korea, Rep.",A,SMP,13937,33009,0.422218,-0.0346,-0.006256
Year,2023-01-01,"Korea, Rep.",A,SMP:high-end,10514,24997,0.420610,-0.036,-0.014129
Year,2023-01-01,"Korea, Rep.",A,SMP:low-end,3454,8122,0.425265,-0.0146,0.000252
Year,2023-01-01,"Korea, Rep.",A,SMP:mid-end,4984,11725,0.425075,-0.0148,0.011224
Year,2023-01-01,"Korea, Rep.",G,SMP,2111,33009,0.063952,-0.0559,-0.028218
Year,2023-01-01,"Korea, Rep.",G,SMP:high-end,1612,24997,0.064488,-0.0484,-0.026773
Year,2023-01-01,"Korea, Rep.",G,SMP:low-end,511,8122,0.062916,-0.0641,-0.050038
Year,2023-01-01,"Korea, Rep.",G,SMP:mid-end,721,11725,0.061493,-0.0721,-0.047536
Year,2023-01-01,"Korea, Rep.",H,SMP,745,33009,0.022570,-0.0274,0.001109
Year,2023-01-01,"Korea, Rep.",H,SMP:high-end,555,24997,0.022203,-0.0297,-0.007643
Year,2023-01-01,"Korea, Rep.",H,SMP:low-end,192,8122,0.023639,0.0378,0.053384
Year,2023-01-01,"Korea, Rep.",H,SMP:mid-end,266,11725,0.022687,0.1037,0.132934
Year,2023-01-01,"Korea, Rep.",O,SMP,493,33009,0.014935,-0.016,0.012886
Year,2023-01-01,"Korea, Rep.",O,SMP:high-end,372,24997,0.014882,-0.0159,0.006493
Year,2023-01-01,"Korea, Rep.",O,SMP:low-end,123,8122,0.015144,0.0165,0.031818
Year,2023-01-01,"Korea, Rep.",O,SMP:mid-end,168,11725,0.014328,-0.0455,-0.020241
Year,2023-01-01,"Korea, Rep.",S,SMP,15033,33009,0.455421,-0.0153,0.013549
Year,2023-01-01,"Korea, Rep.",S,SMP:high-end,11423,24997,0.456975,-0.0022,0.020489
Year,2023-01-01,"Korea, Rep.",S,SMP:low-end,3651,8122,0.449520,-0.0111,0.003749
Year,2023-01-01,"Korea, Rep.",S,SMP:mid-end,5356,11725,0.456802,-0.0301,-0.004416
Year,2023-01-01,"Korea, Rep.",X,SMP,690,33009,0.020903,-0.1051,-0.078838
Year,2023-01-01,"Korea, Rep.",X,SMP:high-end,521,24997,0.020843,-0.0795,-0.058582
Year,2023-01-01,"Korea, Rep.",X,SMP:low-end,191,8122,0.023516,-0.0205,-0.005834
Year,2023-01-01,"Korea, Rep.",X,SMP:mid-end,230,11725,0.019616,-0.1154,-0.09202
Year,2023-01-01,Mexico,A,SMP,3095,7046,0.439256,0.0581,0.029887
Year,2023-01-01,Mexico,A,SMP:high-end,2311,5296,0.436367,0.0448,0.016744
Year,2023-01-01,Mexico,A,SMP:low-end,757,1735,0.436311,-0.0039,0.01672
Year,2023-01-01,Mexico,A,SMP:mid-end,1099,2472,0.444579,0.1249,0.049335
Year,2023-01-01,Mexico,G,SMP,689,7046,0.097786,-0.0337,-0.059443
Year,2023-01-01,Mexico,G,SMP:high-end,510,5296,0.096299,-0.0323,-0.05821
Year,2023-01-01,Mexico,G,SMP:low-end,181,1735,0.104323,0.0,0.020753
Year,2023-01-01,Mexico,G,SMP:mid-end,246,2472,0.099515,-0.004,-0.070926
Year,2023-01-01,Mexico,H,SMP,344,7046,0.048822,-0.031,-0.056835
Year,2023-01-01,Mexico,H,SMP:high-end,262,5296,0.049471,0.0038,-0.023085
Year,2023-01-01,Mexico,H,SMP:low-end,83,1735,0.047839,-0.1616,-0.144219
Year,2023-01-01,Mexico,H,SMP:mid-end,109,2472,0.044094,0.0283,-0.040747
Year,2023-01-01,Mexico,O,SMP,294,7046,0.041726,-0.0516,-0.07692
Year,2023-01-01,Mexico,O,SMP:high-end,222,5296,0.041918,-0.0513,-0.076737
Year,2023-01-01,Mexico,O,SMP:low-end,71,1735,0.040922,-0.0779,-0.058788
Year,2023-01-01,Mexico,O,SMP:mid-end,99,2472,0.040049,-0.0294,-0.09457
Year,2023-01-01,Mexico,S,SMP,2208,7046,0.313369,0.0078,-0.019131
Year,2023-01-01,Mexico,S,SMP:high-end,1682,5296,0.317598,0.0231,-0.00432
Year,2023-01-01,Mexico,S,SMP:low-end,548,1735,0.315850,-0.06,-0.040532
Year,2023-01-01,Mexico,S,SMP:mid-end,759,2472,0.307039,0.012,-0.055959
Year,2023-01-01,Mexico,X,SMP,416,7046,0.059041,0.1429,0.112365
Year,2023-01-01,Mexico,X,SMP:high-end,309,5296,0.058346,0.1196,0.089541
Year,2023-01-01,Mexico,X,SMP:low-end,95,1735,0.054755,0.338,0.365802
Year,2023-01-01,Mexico,X,SMP:mid-end,160,2472,0.064725,0.2903,0.203671
Year,2023-01-01,Spain,A,SMP,9750,22362,0.436008,-0.0218,-0.008865
Year,2023-01-01,Spain,A,SMP:high-end,7423,17045,0.435494,-0.0205,-0.014996
Year,2023-01-01,Spain,A,SMP:low-end,2382,5512,0.432148,-0.0153,0.003462
Year,2023-01-01,Spain,A,SMP:mid-end,3405,7765,0.438506,-0.0433,-0.005567
Year,2023-01-01,Spain,G,SMP,2128,22362,0.095161,-0.0144,-0.001364
Year,2023-01-01,Spain,G,SMP:high-end,1608,17045,0.094339,-0.0147,-0.009211
Year,2023-01-01,Spain,G,SMP:low-end,556,5512,0.100871,0.0432,0.06302
Year,2023-01-01,Spain,G,SMP:mid-end,729,7765,0.093883,-0.0408,-0.002984
Year,2023-01-01,Spain,H,SMP,1136,22362,0.050800,0.0356,0.049197
Year,2023-01-01,Spain,H,SMP:high-end,878,17045,0.051511,0.0655,0.071472
Year,2023-01-01,Spain,H,SMP:low-end,274,5512,0.049710,-0.0108,0.00801
Year,2023-01-01,Spain,H,SMP:mid-end,371,7765,0.047778,-0.056,-0.018791
Year,2023-01-01,Spain,O,SMP,962,22362,0.043019,0.0355,0.049167
Year,2023-01-01,Spain,O,SMP:high-end,718,17045,0.042124,0.0127,0.018349
Year,2023-01-01,Spain,O,SMP:low-end,239,5512,0.043360,-0.0083,0.010605
Year,2023-01-01,Spain,O,SMP:mid-end,347,7765,0.044688,0.0644,0.106358
Year,2023-01-01,Spain,S,SMP,7179,22362,0.321036,-0.0099,0.003131
Year,2023-01-01,Spain,S,SMP:high-end,5513,17045,0.323438,0.0112,0.016826
Year,2023-01-01,Spain,S,SMP:low-end,1764,5512,0.320029,-0.0249,-0.0063
Year,2023-01-01,Spain,S,SMP:mid-end,2512,7765,0.323503,-0.0364,0.001532
Year,2023-01-01,Spain,X,SMP,1207,22362,0.053975,-0.0375,-0.024789
Year,2023-01-01,Spain,X,SMP:high-end,905,17045,0.053095,-0.0423,-0.036983
Year,2023-01-01,Spain,X,SMP:low-end,297,5512,0.053882,-0.1213,-0.104563
Year,2023-01-01,Spain,X,SMP:mid-end,401,7765,0.051642,-0.0587,-0.021598
Year,2023-01-01,United Kingdom,A,SMP,14954,33975,0.440147,-0.0263,0.004503
Year,2023-01-01,United Kingdom,A,SMP:high-end,11309,25674,0.440485,-0.0243,0.004401
Year,2023-01-01,United Kingdom,A,SMP:low-end,3632,8280,0.438647,-0.0507,0.011432
Year,2023-01-01,United Kingdom,A,SMP:mid-end,5340,12103,0.441213,-0.0261,0.005462
Year,2023-01-01,United Kingdom,G,SMP,3233,33975,0.095158,-0.025,0.005813
Year,2023-01-01,United Kingdom,G,SMP:high-end,2409,25674,0.093830,-0.029,-0.000437
Year,2023-01-01,United Kingdom,G,SMP:low-end,823,8280,0.099396,-0.0306,0.032825
Year,2023-01-01,United Kingdom,G,SMP:mid-end,1159,12103,0.095761,-0.0186,0.013151
Year,2023-01-01,United Kingdom,H,SMP,1684,33975,0.049566,-0.0272,0.003624
Year,2023-01-01,United Kingdom,H,SMP:high-end,1293,25674,0.050362,0.0149,0.04479
Year,2023-01-01,United Kingdom,H,SMP:low-end,421,8280,0.050845,-0.1004,-0.041546
Year,2023-01-01,United Kingdom,H,SMP:mid-end,578,12103,0.047757,-0.043,-0.01204
Year,2023-01-01,United Kingdom,O,SMP,1459,33975,0.042943,-0.0068,0.024599
Year,2023-01-01,United Kingdom,O,SMP:high-end,1102,25674,0.042923,0.0147,0.044609
Year,2023-01-01,United Kingdom,O,SMP:low-end,357,8280,0.043116,-0.0325,0.030817
Year,2023-01-01,United Kingdom,O,SMP:mid-end,526,12103,0.043460,-0.0038,0.028469
Year,2023-01-01,United Kingdom,S,SMP,10802,33975,0.317940,-0.0273,0.003494
Year,2023-01-01,United Kingdom,S,SMP:high-end,8181,25674,0.318649,-0.0325,-0.004032
Year,2023-01-01,United Kingdom,S,SMP:low-end,2597,8280,0.313647,-0.0641,-0.002887
Year,2023-01-01,United Kingdom,S,SMP:mid-end,3844,12103,0.317607,-0.0313,0.000126
Year,2023-01-01,United Kingdom,X,SMP,1843,33975,0.054246,-0.1101,-0.08193
Year,2023-01-01,United Kingdom,X,SMP:high-end,1380,25674,0.053751,-0.1051,-0.078707
Year,2023-01-01,United Kingdom,X,SMP:low-end,450,8280,0.054348,-0.1589,-0.103819
Year,2023-01-01,United Kingdom,X,SMP:mid-end,656,12103,0.054201,-0.1026,-0.073535
Year,2023-01-01,United States,A,SMP,29829,68409,0.436039,-0.0683,-0.003788
Year,2023-01-01,United States,A,SMP:high-end,22655,51982,0.435824,-0.063,-0.001221
Year,2023-01-01,United States,A,SMP:low-end,7250,16835,0.430650,-0.0794,-0.004119
Year,2023-01-01,United States,A,SMP:mid-end,10633,24196,0.439453,-0.0668,0.001632
Year,2023-01-01,United States,G,SMP,6592,68409,0.096362,-0.0623,0.00258
Year,2023-01-01,United States,G,SMP:high-end,5012,51982,0.096418,-0.0611,0.000862
Year,2023-01-01,United States,G,SMP:low-end,1669,16835,0.099139,-0.0425,0.035816
Year,2023-01-01,United States,G,SMP:mid-end,2315,24196,0.095677,-0.0839,-0.016731
Year,2023-01-01,United States,H,SMP,3363,68409,0.049160,-0.0537,0.011731
Year,2023-01-01,United States,H,SMP:high-end,2617,51982,0.050344,-0.0289,0.035097
Year,2023-01-01,United States,H,SMP:low-end,819,16835,0.048649,-0.1222,-0.050436
Year,2023-01-01,United States,H,SMP:mid-end,1157,24196,0.047818,-0.089,-0.022187
Year,2023-01-01,United States,O,SMP,2893,68409,0.042290,-0.0592,0.005899
Year,2023-01-01,United States,O,SMP:high-end,2166,51982,0.041668,-0.0763,-0.015406
Year,2023-01-01,United States,O,SMP:low-end,701,16835,0.041639,-0.1216,-0.049772
Year,2023-01-01,United States,O,SMP:mid-end,1031,24196,0.042610,-0.0255,0.045927
Year,2023-01-01,United States,S,SMP,21937,68409,0.320674,-0.0641,0.000671
Year,2023-01-01,United States,S,SMP:high-end,16655,51982,0.320399,-0.0651,-0.00339
Year,2023-01-01,United States,S,SMP:low-end,5485,16835,0.325809,-0.0589,0.01807
Year,2023-01-01,United States,S,SMP:mid-end,7694,24196,0.317986,-0.0698,-0.001561
Year,2023-01-01,United States,X,SMP,3795,68409,0.055475,-0.0583,0.006842
Year,2023-01-01,United States,X,SMP:high-end,2877,51982,0.055346,-0.0536,0.008804
Year,2023-01-01,United States,X,SMP:low-end,911,16835,0.054113,-0.119,-0.046954
Year,2023-01-01,United States,X,SMP:mid-end,1366,24196,0.056456,-0.0579,0.01114
